source_mat_id_orig,samp_description,tax_id,scientific_name,investigation_type,env_material,collection_date,sampling_event,sampl_person,sampl_person_orcid,tidal_stage,noteworthy_env_cond,depth,replicate,samp_size_vol,time_fi,size_frac,size_frac_low,size_frac_up,membr_cut,samp_collect_device,samp_mat_process,samp_mat_process_dev,samp_store_date,samp_store_loc,samp_store_temp,store_person,store_person_orcid,other_person,other_person_orcid,long_store,ship_date,arr_date_hq,store_temp_hq,ship_date_seq,arr_date_seq,failure,failure_comment,ENA_accession_number_sample,source_mat_id
EMO BON VB 210621 Wa 3µm (1),EMOBON metagenome water sample from station VB collected on 2021-06-21 size fraction 3-9999um,https://www.ncbi.nlm.nih.gov/taxonomy/browser/wwwtax.cgi?id=1874687,marine plankton metagenome,metagenome,seawater [ENVO:00002149]; coastal sea water [ENVO:00002150]; surface water [ENVO:00002042],2021-06-21,VB_Wa_210621,Louis Caray--Counil,,no_tide,,1,1,13,1,3-9999,3,NA,true,Niskin,WaSOP 1,bleach,2021-06-21,-80°C galeriens 1st shelf left,-80,Louis Caray--Counil,,Cecile Fauvelot,https://orcid.org/0000-0003-0806-1222,,2021-10-12,2021-10-14,-70,2021-11-24,2021-11-24,false,NA,NA,EMOBON_VB_Wa_1
EMO BON VB 210621 Wa 3µm (2),EMOBON metagenome water sample from station VB collected on 2021-06-21 size fraction 3-9999um,https://www.ncbi.nlm.nih.gov/taxonomy/browser/wwwtax.cgi?id=1874687,marine plankton metagenome,metagenome,seawater [ENVO:00002149]; coastal sea water [ENVO:00002150]; surface water [ENVO:00002042],2021-06-21,VB_Wa_210621,Louis Caray--Counil,,no_tide,,1,2,13,1,3-9999,3,NA,true,Niskin,WaSOP 1,bleach,2021-06-21,-80°C galeriens 1st shelf left,-80,Louis Caray--Counil,,Cecile Fauvelot,https://orcid.org/0000-0003-0806-1222,,2021-10-12,2021-10-14,-70,2021-11-24,2021-11-24,false,NA,NA,EMOBON_VB_Wa_2
EMO BON VB 210621 Wa 3µm blank,EMOBON metagenome water sample from station VB collected on 2021-06-21 size fraction 3-9999um,https://www.ncbi.nlm.nih.gov/taxonomy/browser/wwwtax.cgi?id=256318,metagenome,metagenome,seawater [ENVO:00002149]; coastal sea water [ENVO:00002150]; surface water [ENVO:00002042],2021-06-21,VB_Wa_210621,Louis Caray--Counil,,no_tide,,,blank_1,10,1,3-9999,3,NA,true,,WaSOP 1,bleach,2021-06-21,-80°C galeriens 1st shelf left,-80,Louis Caray--Counil,,Cecile Fauvelot,https://orcid.org/0000-0003-0806-1222,true,NA,NA,NA,NA,NA,NA,NA,NA,EMOBON_VB_Wa_3
EMO BON VB 210621 Wa 0.2µm (1),EMOBON metagenome water sample from station VB collected on 2021-06-21 size fraction 0.2-3um,https://www.ncbi.nlm.nih.gov/taxonomy/browser/wwwtax.cgi?id=1874687,marine plankton metagenome,metagenome,seawater [ENVO:00002149]; coastal sea water [ENVO:00002150]; surface water [ENVO:00002042],2021-06-21,VB_Wa_210621,Louis Caray--Counil,,no_tide,,1,1,13,1,0.2-3,0.2,3,true,Niskin,WaSOP 1,bleach,2021-06-21,-80°C galeriens 1st shelf left,-80,Louis Caray--Counil,,Cecile Fauvelot,https://orcid.org/0000-0003-0806-1222,false,2021-10-12,2021-10-14,-70,2021-11-24,2021-11-24,false,NA,NA,EMOBON_VB_Wa_4
EMO BON VB 210621 Wa 0.2µm (2),EMOBON metagenome water sample from station VB collected on 2021-06-21 size fraction 0.2-3um,https://www.ncbi.nlm.nih.gov/taxonomy/browser/wwwtax.cgi?id=1874687,marine plankton metagenome,metagenome,seawater [ENVO:00002149]; coastal sea water [ENVO:00002150]; surface water [ENVO:00002042],2021-06-21,VB_Wa_210621,Louis Caray--Counil,,no_tide,,1,2,13,1,0.2-3,0.2,3,true,Niskin,WaSOP 1,bleach,2021-06-21,-80°C galeriens 1st shelf left,-80,Louis Caray--Counil,,Cecile Fauvelot,https://orcid.org/0000-0003-0806-1222,false,2021-10-12,2021-10-14,-70,2021-11-24,2021-11-24,false,NA,NA,EMOBON_VB_Wa_5
EMO BON VB 210621 Wa 0.2µm blank,EMOBON metagenome water sample from station VB collected on 2021-06-21 size fraction 0.2-3um,https://www.ncbi.nlm.nih.gov/taxonomy/browser/wwwtax.cgi?id=256318,metagenome,metagenome,seawater [ENVO:00002149]; coastal sea water [ENVO:00002150]; surface water [ENVO:00002042],2021-06-21,VB_Wa_210621,Louis Caray--Counil,,no_tide,,,blank_1,10,1,0.2-3,0.2,3,true,,WaSOP 1,bleach,2021-06-21,-80°C galeriens 1st shelf left,-80,Louis Caray--Counil,,Cecile Fauvelot,https://orcid.org/0000-0003-0806-1222,true,NA,NA,NA,NA,NA,NA,NA,NA,EMOBON_VB_Wa_6
EMO BON VB 210621 Wa 20µm (1),EMOBON metagenome water sample from station VB collected on 2021-06-21 size fraction 20um,https://www.ncbi.nlm.nih.gov/taxonomy/browser/wwwtax.cgi?id=1874687,marine plankton metagenome,metagenome,seawater [ENVO:00002149]; coastal sea water [ENVO:00002150]; surface water [ENVO:00002042],2021-06-21,VB_Wa_210621,Louis Caray--Counil,,no_tide,,0-50,1,,,20,20,NA,false,20µm WP2 net,WaSOP 2,bleach,2021-06-21,-80°C galeriens 1st shelf left,-80,Louis Caray--Counil,,Cecile Fauvelot,https://orcid.org/0000-0003-0806-1222,true,NA,NA,NA,NA,NA,NA,NA,NA,EMOBON_VB_Wa_7
EMO BON VB 210621 Wa 20µm (2),EMOBON metagenome water sample from station VB collected on 2021-06-21 size fraction 20um,https://www.ncbi.nlm.nih.gov/taxonomy/browser/wwwtax.cgi?id=1874687,marine plankton metagenome,metagenome,seawater [ENVO:00002149]; coastal sea water [ENVO:00002150]; surface water [ENVO:00002042],2021-06-21,VB_Wa_210621,Louis Caray--Counil,,no_tide,,0-50,2,,,20,20,NA,false,20µm WP2 net,WaSOP 2,bleach,2021-06-21,-80°C galeriens 1st shelf left,-80,Louis Caray--Counil,,Cecile Fauvelot,https://orcid.org/0000-0003-0806-1222,true,NA,NA,NA,NA,NA,NA,NA,NA,EMOBON_VB_Wa_8
EMO BON VB 210621 Wa 20µm (3),EMOBON metagenome water sample from station VB collected on 2021-06-21 size fraction 20um,https://www.ncbi.nlm.nih.gov/taxonomy/browser/wwwtax.cgi?id=1874687,marine plankton metagenome,metagenome,seawater [ENVO:00002149]; coastal sea water [ENVO:00002150]; surface water [ENVO:00002042],2021-06-21,VB_Wa_210621,Louis Caray--Counil,,no_tide,,0-50,3,,,20,20,NA,false,20µm WP2 net,WaSOP 2,bleach,2021-06-21,-80°C galeriens 1st shelf left,-80,Louis Caray--Counil,,Cecile Fauvelot,https://orcid.org/0000-0003-0806-1222,true,NA,NA,NA,NA,NA,NA,NA,NA,EMOBON_VB_Wa_9
EMO BON VB 210621 Wa 20µm (4),EMOBON metagenome water sample from station VB collected on 2021-06-21 size fraction 20um,https://www.ncbi.nlm.nih.gov/taxonomy/browser/wwwtax.cgi?id=1874687,marine plankton metagenome,metagenome,seawater [ENVO:00002149]; coastal sea water [ENVO:00002150]; surface water [ENVO:00002042],2021-06-21,VB_Wa_210621,Louis Caray--Counil,,no_tide,,0-50,4,,,20,20,NA,false,20µm WP2 net,WaSOP 2,bleach,2021-06-21,-80°C galeriens 1st shelf left,-80,Louis Caray--Counil,,Cecile Fauvelot,https://orcid.org/0000-0003-0806-1222,true,NA,NA,NA,NA,NA,NA,NA,NA,EMOBON_VB_Wa_10
EMO BON VB 210621 Wa 20µm blank,EMOBON metagenome water sample from station VB collected on 2021-06-21 size fraction 20um,https://www.ncbi.nlm.nih.gov/taxonomy/browser/wwwtax.cgi?id=256318,metagenome,metagenome,seawater [ENVO:00002149]; coastal sea water [ENVO:00002150]; surface water [ENVO:00002042],2021-06-21,VB_Wa_210621,Louis Caray--Counil,,no_tide,,0-50,blank_1,,,20,20,NA,false,20µm WP2 net,WaSOP 2,bleach,2021-06-21,-80°C galeriens 1st shelf left,-80,Louis Caray--Counil,,Cecile Fauvelot,https://orcid.org/0000-0003-0806-1222,true,NA,NA,NA,NA,NA,NA,NA,NA,EMOBON_VB_Wa_11
EMO BON VB 210621 Wa 200µm (1),EMOBON metagenome water sample from station VB collected on 2021-06-21 size fraction 200um,https://www.ncbi.nlm.nih.gov/taxonomy/browser/wwwtax.cgi?id=1874687,marine plankton metagenome,metagenome,seawater [ENVO:00002149]; coastal sea water [ENVO:00002150]; surface water [ENVO:00002042],2021-06-21,VB_Wa_210621,Louis Caray--Counil,,no_tide,,0-75,1,,,200,200,NA,false,200µm WP2 net,WaSOP 3,bleach,2021-06-21,-80°C galeriens 1st shelf left,-80,Louis Caray--Counil,,Cecile Fauvelot,https://orcid.org/0000-0003-0806-1222,true,NA,NA,NA,NA,NA,NA,NA,NA,EMOBON_VB_Wa_12
EMO BON VB 210621 Wa 200µm (2),EMOBON metagenome water sample from station VB collected on 2021-06-21 size fraction 200um,https://www.ncbi.nlm.nih.gov/taxonomy/browser/wwwtax.cgi?id=1874687,marine plankton metagenome,metagenome,seawater [ENVO:00002149]; coastal sea water [ENVO:00002150]; surface water [ENVO:00002042],2021-06-21,VB_Wa_210621,Louis Caray--Counil,,no_tide,,0-75,2,,,200,200,NA,false,200µm WP2 net,WaSOP 3,bleach,2021-06-21,-80°C galeriens 1st shelf left,-80,Louis Caray--Counil,,Cecile Fauvelot,https://orcid.org/0000-0003-0806-1222,true,NA,NA,NA,NA,NA,NA,NA,NA,EMOBON_VB_Wa_13
EMO BON VB 210621 Wa 200µm (3),EMOBON metagenome water sample from station VB collected on 2021-06-21 size fraction 200um,https://www.ncbi.nlm.nih.gov/taxonomy/browser/wwwtax.cgi?id=1874687,marine plankton metagenome,metagenome,seawater [ENVO:00002149]; coastal sea water [ENVO:00002150]; surface water [ENVO:00002042],2021-06-21,VB_Wa_210621,Louis Caray--Counil,,no_tide,,0-75,3,,,200,200,NA,false,200µm WP2 net,WaSOP 3,bleach,2021-06-21,-80°C galeriens 1st shelf left,-80,Louis Caray--Counil,,Cecile Fauvelot,https://orcid.org/0000-0003-0806-1222,true,NA,NA,NA,NA,NA,NA,NA,NA,EMOBON_VB_Wa_14
EMO BON VB 210621 Wa 200µm (4),EMOBON metagenome water sample from station VB collected on 2021-06-21 size fraction 200um,https://www.ncbi.nlm.nih.gov/taxonomy/browser/wwwtax.cgi?id=1874687,marine plankton metagenome,metagenome,seawater [ENVO:00002149]; coastal sea water [ENVO:00002150]; surface water [ENVO:00002042],2021-06-21,VB_Wa_210621,Louis Caray--Counil,,no_tide,,0-75,4,,,200,200,NA,false,200µm WP2 net,WaSOP 3,bleach,2021-06-21,-80°C galeriens 1st shelf left,-80,Louis Caray--Counil,,Cecile Fauvelot,https://orcid.org/0000-0003-0806-1222,true,NA,NA,NA,NA,NA,NA,NA,NA,EMOBON_VB_Wa_15
EMO BON VB 210621 Wa 200µm blank,EMOBON metagenome water sample from station VB collected on 2021-06-21 size fraction 200um,https://www.ncbi.nlm.nih.gov/taxonomy/browser/wwwtax.cgi?id=256318,metagenome,metagenome,seawater [ENVO:00002149]; coastal sea water [ENVO:00002150]; surface water [ENVO:00002042],2021-06-21,VB_Wa_210621,Louis Caray--Counil,,no_tide,,0-75,blank_1,,,200,200,NA,false,200µm WP2 net,WaSOP 3,bleach,2021-06-21,-80°C galeriens 1st shelf left,-80,Louis Caray--Counil,,Cecile Fauvelot,https://orcid.org/0000-0003-0806-1222,true,NA,NA,NA,NA,NA,NA,NA,NA,EMOBON_VB_Wa_16
EMO BON VB 210712 Wa 3µm (1),EMOBON metagenome water sample from station VB collected on 2021-07-12 size fraction 3-9999um,https://www.ncbi.nlm.nih.gov/taxonomy/browser/wwwtax.cgi?id=1874687,marine plankton metagenome,metagenome,seawater [ENVO:00002149]; coastal sea water [ENVO:00002150]; surface water [ENVO:00002042],2021-07-12,VB_Wa_210712,Louis Caray--Counil,,no_tide,,1,1,13,1,3-9999,3,NA,true,Niskin,WaSOP 1,bleach,2021-07-12,-80°C galeriens 1st shelf left,-80,Louis Caray--Counil,,Cecile Fauvelot,https://orcid.org/0000-0003-0806-1222,true,NA,NA,NA,NA,NA,NA,NA,NA,EMOBON_VB_Wa_17
EMO BON VB 210712 Wa 3µm (2),EMOBON metagenome water sample from station VB collected on 2021-07-12 size fraction 3-9999um,https://www.ncbi.nlm.nih.gov/taxonomy/browser/wwwtax.cgi?id=1874687,marine plankton metagenome,metagenome,seawater [ENVO:00002149]; coastal sea water [ENVO:00002150]; surface water [ENVO:00002042],2021-07-12,VB_Wa_210712,Louis Caray--Counil,,no_tide,,1,2,13,1,3-9999,3,NA,true,Niskin,WaSOP 1,bleach,2021-07-12,-80°C galeriens 1st shelf left,-80,Louis Caray--Counil,,Cecile Fauvelot,https://orcid.org/0000-0003-0806-1222,true,NA,NA,NA,NA,NA,NA,NA,NA,EMOBON_VB_Wa_18
EMO BON VB 210712 Wa 0.2µm (1),EMOBON metagenome water sample from station VB collected on 2021-07-12 size fraction 0.2-3um,https://www.ncbi.nlm.nih.gov/taxonomy/browser/wwwtax.cgi?id=1874687,marine plankton metagenome,metagenome,seawater [ENVO:00002149]; coastal sea water [ENVO:00002150]; surface water [ENVO:00002042],2021-07-12,VB_Wa_210712,Louis Caray--Counil,,no_tide,,1,1,13,1,0.2-3,0.2,3,true,Niskin,WaSOP 1,bleach,2021-07-12,-80°C galeriens 1st shelf left,-80,Louis Caray--Counil,,Cecile Fauvelot,https://orcid.org/0000-0003-0806-1222,true,NA,NA,NA,NA,NA,NA,NA,NA,EMOBON_VB_Wa_19
EMO BON VB 210712 Wa 0.2µm (2),EMOBON metagenome water sample from station VB collected on 2021-07-12 size fraction 0.2-3um,https://www.ncbi.nlm.nih.gov/taxonomy/browser/wwwtax.cgi?id=1874687,marine plankton metagenome,metagenome,seawater [ENVO:00002149]; coastal sea water [ENVO:00002150]; surface water [ENVO:00002042],2021-07-12,VB_Wa_210712,Louis Caray--Counil,,no_tide,,1,2,13,1,0.2-3,0.2,3,true,Niskin,WaSOP 1,bleach,2021-07-12,-80°C galeriens 1st shelf left,-80,Louis Caray--Counil,,Cecile Fauvelot,https://orcid.org/0000-0003-0806-1222,true,NA,NA,NA,NA,NA,NA,NA,NA,EMOBON_VB_Wa_20
EMO BON VB 210712 Wa 20µm (1),EMOBON metagenome water sample from station VB collected on 2021-07-12 size fraction 20um,https://www.ncbi.nlm.nih.gov/taxonomy/browser/wwwtax.cgi?id=1874687,marine plankton metagenome,metagenome,seawater [ENVO:00002149]; coastal sea water [ENVO:00002150]; surface water [ENVO:00002042],2021-07-12,VB_Wa_210712,Louis Caray--Counil,,no_tide,,0-50,1,,,20,20,NA,false,20µm WP2 net,WaSOP 2,bleach,2021-07-12,-80°C galeriens 1st shelf left,-80,Louis Caray--Counil,,Cecile Fauvelot,https://orcid.org/0000-0003-0806-1222,true,NA,NA,NA,NA,NA,NA,NA,NA,EMOBON_VB_Wa_21
EMO BON VB 210712 Wa 20µm (2),EMOBON metagenome water sample from station VB collected on 2021-07-12 size fraction 20um,https://www.ncbi.nlm.nih.gov/taxonomy/browser/wwwtax.cgi?id=1874687,marine plankton metagenome,metagenome,seawater [ENVO:00002149]; coastal sea water [ENVO:00002150]; surface water [ENVO:00002042],2021-07-12,VB_Wa_210712,Louis Caray--Counil,,no_tide,,0-50,2,,,20,20,NA,false,20µm WP2 net,WaSOP 2,bleach,2021-07-12,-80°C galeriens 1st shelf left,-80,Louis Caray--Counil,,Cecile Fauvelot,https://orcid.org/0000-0003-0806-1222,true,NA,NA,NA,NA,NA,NA,NA,NA,EMOBON_VB_Wa_22
EMO BON VB 210712 Wa 20µm (3),EMOBON metagenome water sample from station VB collected on 2021-07-12 size fraction 20um,https://www.ncbi.nlm.nih.gov/taxonomy/browser/wwwtax.cgi?id=1874687,marine plankton metagenome,metagenome,seawater [ENVO:00002149]; coastal sea water [ENVO:00002150]; surface water [ENVO:00002042],2021-07-12,VB_Wa_210712,Louis Caray--Counil,,no_tide,,0-50,3,,,20,20,NA,false,20µm WP2 net,WaSOP 2,bleach,2021-07-12,-80°C galeriens 1st shelf left,-80,Louis Caray--Counil,,Cecile Fauvelot,https://orcid.org/0000-0003-0806-1222,true,NA,NA,NA,NA,NA,NA,NA,NA,EMOBON_VB_Wa_23
EMO BON VB 210712 Wa 20µm (4),EMOBON metagenome water sample from station VB collected on 2021-07-12 size fraction 20um,https://www.ncbi.nlm.nih.gov/taxonomy/browser/wwwtax.cgi?id=1874687,marine plankton metagenome,metagenome,seawater [ENVO:00002149]; coastal sea water [ENVO:00002150]; surface water [ENVO:00002042],2021-07-12,VB_Wa_210712,Louis Caray--Counil,,no_tide,,0-50,4,,,20,20,NA,false,20µm WP2 net,WaSOP 2,bleach,2021-07-12,-80°C galeriens 1st shelf left,-80,Louis Caray--Counil,,Cecile Fauvelot,https://orcid.org/0000-0003-0806-1222,true,NA,NA,NA,NA,NA,NA,NA,NA,EMOBON_VB_Wa_24
EMO BON VB 210712 Wa 200µm (1),EMOBON metagenome water sample from station VB collected on 2021-07-12 size fraction 200um,https://www.ncbi.nlm.nih.gov/taxonomy/browser/wwwtax.cgi?id=1874687,marine plankton metagenome,metagenome,seawater [ENVO:00002149]; coastal sea water [ENVO:00002150]; surface water [ENVO:00002042],2021-07-12,VB_Wa_210712,Louis Caray--Counil,,no_tide,,0-75,1,,,200,200,NA,false,200µm WP2 net,WaSOP 3,bleach,2021-07-12,-80°C galeriens 1st shelf left,-80,Louis Caray--Counil,,Cecile Fauvelot,https://orcid.org/0000-0003-0806-1222,true,NA,NA,NA,NA,NA,NA,NA,NA,EMOBON_VB_Wa_25
EMO BON VB 210712 Wa 200µm (2),EMOBON metagenome water sample from station VB collected on 2021-07-12 size fraction 200um,https://www.ncbi.nlm.nih.gov/taxonomy/browser/wwwtax.cgi?id=1874687,marine plankton metagenome,metagenome,seawater [ENVO:00002149]; coastal sea water [ENVO:00002150]; surface water [ENVO:00002042],2021-07-12,VB_Wa_210712,Louis Caray--Counil,,no_tide,,0-75,2,,,200,200,NA,false,200µm WP2 net,WaSOP 3,bleach,2021-07-12,-80°C galeriens 1st shelf left,-80,Louis Caray--Counil,,Cecile Fauvelot,https://orcid.org/0000-0003-0806-1222,true,NA,NA,NA,NA,NA,NA,NA,NA,EMOBON_VB_Wa_26
EMO BON VB 210712 Wa 200µm (3),EMOBON metagenome water sample from station VB collected on 2021-07-12 size fraction 200um,https://www.ncbi.nlm.nih.gov/taxonomy/browser/wwwtax.cgi?id=1874687,marine plankton metagenome,metagenome,seawater [ENVO:00002149]; coastal sea water [ENVO:00002150]; surface water [ENVO:00002042],2021-07-12,VB_Wa_210712,Louis Caray--Counil,,no_tide,,0-75,3,,,200,200,NA,false,200µm WP2 net,WaSOP 3,bleach,2021-07-12,-80°C galeriens 1st shelf left,-80,Louis Caray--Counil,,Cecile Fauvelot,https://orcid.org/0000-0003-0806-1222,true,NA,NA,NA,NA,NA,NA,NA,NA,EMOBON_VB_Wa_27
EMO BON VB 210712 Wa 200µm (4),EMOBON metagenome water sample from station VB collected on 2021-07-12 size fraction 200um,https://www.ncbi.nlm.nih.gov/taxonomy/browser/wwwtax.cgi?id=1874687,marine plankton metagenome,metagenome,seawater [ENVO:00002149]; coastal sea water [ENVO:00002150]; surface water [ENVO:00002042],2021-07-12,VB_Wa_210712,Louis Caray--Counil,,no_tide,,0-75,4,,,200,200,NA,false,200µm WP2 net,WaSOP 3,bleach,2021-07-12,-80°C galeriens 1st shelf left,-80,Louis Caray--Counil,,Cecile Fauvelot,https://orcid.org/0000-0003-0806-1222,true,NA,NA,NA,NA,NA,NA,NA,NA,EMOBON_VB_Wa_28
EMO BON VB 210726 Wa 3µm (1),EMOBON metagenome water sample from station VB collected on 2021-07-26 size fraction 3-9999um,https://www.ncbi.nlm.nih.gov/taxonomy/browser/wwwtax.cgi?id=1874687,marine plankton metagenome,metagenome,seawater [ENVO:00002149]; coastal sea water [ENVO:00002150]; surface water [ENVO:00002042],2021-07-26,VB_Wa_210726,Louis Caray--Counil,,no_tide,,1,1,13,1,3-9999,3,NA,true,Niskin,WaSOP 1,bleach,2021-07-26,-80°C galeriens 1st shelf left,-80,Louis Caray--Counil,,Cecile Fauvelot,https://orcid.org/0000-0003-0806-1222,true,NA,NA,NA,NA,NA,NA,NA,NA,EMOBON_VB_Wa_29
EMO BON VB 210726 Wa 3µm (2),EMOBON metagenome water sample from station VB collected on 2021-07-26 size fraction 3-9999um,https://www.ncbi.nlm.nih.gov/taxonomy/browser/wwwtax.cgi?id=1874687,marine plankton metagenome,metagenome,seawater [ENVO:00002149]; coastal sea water [ENVO:00002150]; surface water [ENVO:00002042],2021-07-26,VB_Wa_210726,Louis Caray--Counil,,no_tide,,1,2,13,1,3-9999,3,NA,true,Niskin,WaSOP 1,bleach,2021-07-26,-80°C galeriens 1st shelf left,-80,Louis Caray--Counil,,Cecile Fauvelot,https://orcid.org/0000-0003-0806-1222,true,NA,NA,NA,NA,NA,NA,NA,NA,EMOBON_VB_Wa_30
EMO BON VB 210726 Wa 0.2µm (1),EMOBON metagenome water sample from station VB collected on 2021-07-26 size fraction 0.2-3um,https://www.ncbi.nlm.nih.gov/taxonomy/browser/wwwtax.cgi?id=1874687,marine plankton metagenome,metagenome,seawater [ENVO:00002149]; coastal sea water [ENVO:00002150]; surface water [ENVO:00002042],2021-07-26,VB_Wa_210726,Louis Caray--Counil,,no_tide,,1,1,13,1,0.2-3,0.2,3,true,Niskin,WaSOP 1,bleach,2021-07-26,-80°C galeriens 1st shelf left,-80,Louis Caray--Counil,,Cecile Fauvelot,https://orcid.org/0000-0003-0806-1222,true,NA,NA,NA,NA,NA,NA,NA,NA,EMOBON_VB_Wa_31
EMO BON VB 210726 Wa 0.2µm (2),EMOBON metagenome water sample from station VB collected on 2021-07-26 size fraction 0.2-3um,https://www.ncbi.nlm.nih.gov/taxonomy/browser/wwwtax.cgi?id=1874687,marine plankton metagenome,metagenome,seawater [ENVO:00002149]; coastal sea water [ENVO:00002150]; surface water [ENVO:00002042],2021-07-26,VB_Wa_210726,Louis Caray--Counil,,no_tide,,1,2,13,1,0.2-3,0.2,3,true,Niskin,WaSOP 1,bleach,2021-07-26,-80°C galeriens 1st shelf left,-80,Louis Caray--Counil,,Cecile Fauvelot,https://orcid.org/0000-0003-0806-1222,true,NA,NA,NA,NA,NA,NA,NA,NA,EMOBON_VB_Wa_32
EMO BON VB 210726 Wa 20µm (1),EMOBON metagenome water sample from station VB collected on 2021-07-26 size fraction 20um,https://www.ncbi.nlm.nih.gov/taxonomy/browser/wwwtax.cgi?id=1874687,marine plankton metagenome,metagenome,seawater [ENVO:00002149]; coastal sea water [ENVO:00002150]; surface water [ENVO:00002042],2021-07-26,VB_Wa_210726,Louis Caray--Counil,,no_tide,,0-50,1,,,20,20,NA,false,20µm WP2 net,WaSOP 2,bleach,2021-07-26,-80°C galeriens 1st shelf left,-80,Louis Caray--Counil,,Cecile Fauvelot,https://orcid.org/0000-0003-0806-1222,true,NA,NA,NA,NA,NA,NA,NA,NA,EMOBON_VB_Wa_33
EMO BON VB 210726 Wa 20µm (2),EMOBON metagenome water sample from station VB collected on 2021-07-26 size fraction 20um,https://www.ncbi.nlm.nih.gov/taxonomy/browser/wwwtax.cgi?id=1874687,marine plankton metagenome,metagenome,seawater [ENVO:00002149]; coastal sea water [ENVO:00002150]; surface water [ENVO:00002042],2021-07-26,VB_Wa_210726,Louis Caray--Counil,,no_tide,,0-50,2,,,20,20,NA,false,20µm WP2 net,WaSOP 2,bleach,2021-07-26,-80°C galeriens 1st shelf left,-80,Louis Caray--Counil,,Cecile Fauvelot,https://orcid.org/0000-0003-0806-1222,true,NA,NA,NA,NA,NA,NA,NA,NA,EMOBON_VB_Wa_34
EMO BON VB 210726 Wa 20µm (3),EMOBON metagenome water sample from station VB collected on 2021-07-26 size fraction 20um,https://www.ncbi.nlm.nih.gov/taxonomy/browser/wwwtax.cgi?id=1874687,marine plankton metagenome,metagenome,seawater [ENVO:00002149]; coastal sea water [ENVO:00002150]; surface water [ENVO:00002042],2021-07-26,VB_Wa_210726,Louis Caray--Counil,,no_tide,,0-50,3,,,20,20,NA,false,20µm WP2 net,WaSOP 2,bleach,2021-07-26,-80°C galeriens 1st shelf left,-80,Louis Caray--Counil,,Cecile Fauvelot,https://orcid.org/0000-0003-0806-1222,true,NA,NA,NA,NA,NA,NA,NA,NA,EMOBON_VB_Wa_35
EMO BON VB 210726 Wa 20µm (4),EMOBON metagenome water sample from station VB collected on 2021-07-26 size fraction 20um,https://www.ncbi.nlm.nih.gov/taxonomy/browser/wwwtax.cgi?id=1874687,marine plankton metagenome,metagenome,seawater [ENVO:00002149]; coastal sea water [ENVO:00002150]; surface water [ENVO:00002042],2021-07-26,VB_Wa_210726,Louis Caray--Counil,,no_tide,,0-50,4,,,20,20,NA,false,20µm WP2 net,WaSOP 2,bleach,2021-07-26,-80°C galeriens 1st shelf left,-80,Louis Caray--Counil,,Cecile Fauvelot,https://orcid.org/0000-0003-0806-1222,true,NA,NA,NA,NA,NA,NA,NA,NA,EMOBON_VB_Wa_36
EMO BON VB 210726 Wa 200µm (1),EMOBON metagenome water sample from station VB collected on 2021-07-26 size fraction 200um,https://www.ncbi.nlm.nih.gov/taxonomy/browser/wwwtax.cgi?id=1874687,marine plankton metagenome,metagenome,seawater [ENVO:00002149]; coastal sea water [ENVO:00002150]; surface water [ENVO:00002042],2021-07-26,VB_Wa_210726,Louis Caray--Counil,,no_tide,,0-75,1,,,200,200,NA,false,200µm WP2 net,WaSOP 3,bleach,2021-07-26,-80°C galeriens 1st shelf left,-80,Louis Caray--Counil,,Cecile Fauvelot,https://orcid.org/0000-0003-0806-1222,true,NA,NA,NA,NA,NA,NA,NA,NA,EMOBON_VB_Wa_37
EMO BON VB 210726 Wa 200µm (2),EMOBON metagenome water sample from station VB collected on 2021-07-26 size fraction 200um,https://www.ncbi.nlm.nih.gov/taxonomy/browser/wwwtax.cgi?id=1874687,marine plankton metagenome,metagenome,seawater [ENVO:00002149]; coastal sea water [ENVO:00002150]; surface water [ENVO:00002042],2021-07-26,VB_Wa_210726,Louis Caray--Counil,,no_tide,,0-75,2,,,200,200,NA,false,200µm WP2 net,WaSOP 3,bleach,2021-07-26,-80°C galeriens 1st shelf left,-80,Louis Caray--Counil,,Cecile Fauvelot,https://orcid.org/0000-0003-0806-1222,true,NA,NA,NA,NA,NA,NA,NA,NA,EMOBON_VB_Wa_38
EMO BON VB 210726 Wa 200µm (3),EMOBON metagenome water sample from station VB collected on 2021-07-26 size fraction 200um,https://www.ncbi.nlm.nih.gov/taxonomy/browser/wwwtax.cgi?id=1874687,marine plankton metagenome,metagenome,seawater [ENVO:00002149]; coastal sea water [ENVO:00002150]; surface water [ENVO:00002042],2021-07-26,VB_Wa_210726,Louis Caray--Counil,,no_tide,,0-75,3,,,200,200,NA,false,200µm WP2 net,WaSOP 3,bleach,2021-07-26,-80°C galeriens 1st shelf left,-80,Louis Caray--Counil,,Cecile Fauvelot,https://orcid.org/0000-0003-0806-1222,true,NA,NA,NA,NA,NA,NA,NA,NA,EMOBON_VB_Wa_39
EMO BON VB 210726 Wa 200µm (4),EMOBON metagenome water sample from station VB collected on 2021-07-26 size fraction 200um,https://www.ncbi.nlm.nih.gov/taxonomy/browser/wwwtax.cgi?id=1874687,marine plankton metagenome,metagenome,seawater [ENVO:00002149]; coastal sea water [ENVO:00002150]; surface water [ENVO:00002042],2021-07-26,VB_Wa_210726,Louis Caray--Counil,,no_tide,,0-75,4,,,200,200,NA,false,200µm WP2 net,WaSOP 3,bleach,2021-07-26,-80°C galeriens 1st shelf left,-80,Louis Caray--Counil,,Cecile Fauvelot,https://orcid.org/0000-0003-0806-1222,true,NA,NA,NA,NA,NA,NA,NA,NA,EMOBON_VB_Wa_40
EMO BON VB 210823 Wa 3µm (1),EMOBON metagenome water sample from station VB collected on 2021-08-23 size fraction 3-9999um,https://www.ncbi.nlm.nih.gov/taxonomy/browser/wwwtax.cgi?id=1874687,marine plankton metagenome,metagenome,seawater [ENVO:00002149]; coastal sea water [ENVO:00002150]; surface water [ENVO:00002042],2021-08-23,VB_Wa_210823,Louis Caray--Counil,,no_tide,,1,1,13,1,3-9999,3,200,true,Niskin,WaSOP 1,bleach,2021-08-23,-80°C galeriens 1st shelf left,-80,Louis Caray--Counil,,Cecile Fauvelot,https://orcid.org/0000-0003-0806-1222,false,2021-10-12,2021-10-14,-70,2021-11-24,2021-11-24,false,NA,NA,EMOBON_VB_Wa_41
EMO BON VB 210823 Wa 3µm (2),EMOBON metagenome water sample from station VB collected on 2021-08-23 size fraction 3-9999um,https://www.ncbi.nlm.nih.gov/taxonomy/browser/wwwtax.cgi?id=1874687,marine plankton metagenome,metagenome,seawater [ENVO:00002149]; coastal sea water [ENVO:00002150]; surface water [ENVO:00002042],2021-08-23,VB_Wa_210823,Louis Caray--Counil,,no_tide,,1,2,13,1,3-9999,3,200,true,Niskin,WaSOP 1,bleach,2021-08-23,-80°C galeriens 1st shelf left,-80,Louis Caray--Counil,,Cecile Fauvelot,https://orcid.org/0000-0003-0806-1222,false,2021-10-12,2021-10-14,-70,2021-11-24,2021-11-24,false,NA,NA,EMOBON_VB_Wa_42
EMO BON VB 210823 Wa 0.2µm (1),EMOBON metagenome water sample from station VB collected on 2021-08-23 size fraction 0.2-3um,https://www.ncbi.nlm.nih.gov/taxonomy/browser/wwwtax.cgi?id=1874687,marine plankton metagenome,metagenome,seawater [ENVO:00002149]; coastal sea water [ENVO:00002150]; surface water [ENVO:00002042],2021-08-23,VB_Wa_210823,Louis Caray--Counil,,no_tide,,1,1,13,1,0.2-3,0.2,3,true,Niskin,WaSOP 1,bleach,2021-08-23,-80°C galeriens 1st shelf left,-80,Louis Caray--Counil,,Cecile Fauvelot,https://orcid.org/0000-0003-0806-1222,false,2021-10-12,2021-10-14,-70,2021-11-24,2021-11-24,false,NA,NA,EMOBON_VB_Wa_43
EMO BON VB 210823 Wa 0.2µm (2),EMOBON metagenome water sample from station VB collected on 2021-08-23 size fraction 0.2-3um,https://www.ncbi.nlm.nih.gov/taxonomy/browser/wwwtax.cgi?id=1874687,marine plankton metagenome,metagenome,seawater [ENVO:00002149]; coastal sea water [ENVO:00002150]; surface water [ENVO:00002042],2021-08-23,VB_Wa_210823,Louis Caray--Counil,,no_tide,,1,2,13,1,0.2-3,0.2,3,true,Niskin,WaSOP 1,bleach,2021-08-23,-80°C galeriens 1st shelf left,-80,Louis Caray--Counil,,Cecile Fauvelot,https://orcid.org/0000-0003-0806-1222,false,2021-10-12,2021-10-14,-70,2021-11-24,2021-11-24,false,NA,NA,EMOBON_VB_Wa_44
EMO BON VB 210823 Wa 20µm (1),EMOBON metagenome water sample from station VB collected on 2021-08-23 size fraction 20um,https://www.ncbi.nlm.nih.gov/taxonomy/browser/wwwtax.cgi?id=1874687,marine plankton metagenome,metagenome,seawater [ENVO:00002149]; coastal sea water [ENVO:00002150]; surface water [ENVO:00002042],2021-08-23,VB_Wa_210823,Louis Caray--Counil,,no_tide,,0-50,1,,,20,20,NA,false,20µm WP2 net,WaSOP 2,bleach,2021-08-23,-80°C galeriens 1st shelf left,-80,Louis Caray--Counil,,Cecile Fauvelot,https://orcid.org/0000-0003-0806-1222,true,NA,NA,NA,NA,NA,NA,NA,NA,EMOBON_VB_Wa_45
EMO BON VB 210823 Wa 20µm (2),EMOBON metagenome water sample from station VB collected on 2021-08-23 size fraction 20um,https://www.ncbi.nlm.nih.gov/taxonomy/browser/wwwtax.cgi?id=1874687,marine plankton metagenome,metagenome,seawater [ENVO:00002149]; coastal sea water [ENVO:00002150]; surface water [ENVO:00002042],2021-08-23,VB_Wa_210823,Louis Caray--Counil,,no_tide,,0-50,2,,,20,20,NA,false,20µm WP2 net,WaSOP 2,bleach,2021-08-23,-80°C galeriens 1st shelf left,-80,Louis Caray--Counil,,Cecile Fauvelot,https://orcid.org/0000-0003-0806-1222,true,NA,NA,NA,NA,NA,NA,NA,NA,EMOBON_VB_Wa_46
EMO BON VB 210823 Wa 20µm (3),EMOBON metagenome water sample from station VB collected on 2021-08-23 size fraction 20um,https://www.ncbi.nlm.nih.gov/taxonomy/browser/wwwtax.cgi?id=1874687,marine plankton metagenome,metagenome,seawater [ENVO:00002149]; coastal sea water [ENVO:00002150]; surface water [ENVO:00002042],2021-08-23,VB_Wa_210823,Louis Caray--Counil,,no_tide,,0-50,3,,,20,20,NA,false,20µm WP2 net,WaSOP 2,bleach,2021-08-23,-80°C galeriens 1st shelf left,-80,Louis Caray--Counil,,Cecile Fauvelot,https://orcid.org/0000-0003-0806-1222,true,NA,NA,NA,NA,NA,NA,NA,NA,EMOBON_VB_Wa_47
EMO BON VB 210823 Wa 20µm (4),EMOBON metagenome water sample from station VB collected on 2021-08-23 size fraction 20um,https://www.ncbi.nlm.nih.gov/taxonomy/browser/wwwtax.cgi?id=1874687,marine plankton metagenome,metagenome,seawater [ENVO:00002149]; coastal sea water [ENVO:00002150]; surface water [ENVO:00002042],2021-08-23,VB_Wa_210823,Louis Caray--Counil,,no_tide,,0-50,4,,,20,20,NA,false,20µm WP2 net,WaSOP 2,bleach,2021-08-23,-80°C galeriens 1st shelf left,-80,Louis Caray--Counil,,Cecile Fauvelot,https://orcid.org/0000-0003-0806-1222,true,NA,NA,NA,NA,NA,NA,NA,NA,EMOBON_VB_Wa_48
EMO BON VB 210823 Wa 200µm (1),EMOBON metagenome water sample from station VB collected on 2021-08-23 size fraction 200um,https://www.ncbi.nlm.nih.gov/taxonomy/browser/wwwtax.cgi?id=1874687,marine plankton metagenome,metagenome,seawater [ENVO:00002149]; coastal sea water [ENVO:00002150]; surface water [ENVO:00002042],2021-08-23,VB_Wa_210823,Louis Caray--Counil,,no_tide,,0-75,1,,,200,200,NA,false,200µm WP2 net,WaSOP 3,bleach,2021-08-23,-80°C galeriens 1st shelf left,-80,Louis Caray--Counil,,Cecile Fauvelot,https://orcid.org/0000-0003-0806-1222,true,NA,NA,NA,NA,NA,NA,NA,NA,EMOBON_VB_Wa_49
EMO BON VB 210823 Wa 200µm (2),EMOBON metagenome water sample from station VB collected on 2021-08-23 size fraction 200um,https://www.ncbi.nlm.nih.gov/taxonomy/browser/wwwtax.cgi?id=1874687,marine plankton metagenome,metagenome,seawater [ENVO:00002149]; coastal sea water [ENVO:00002150]; surface water [ENVO:00002042],2021-08-23,VB_Wa_210823,Louis Caray--Counil,,no_tide,,0-75,2,,,200,200,NA,false,200µm WP2 net,WaSOP 3,bleach,2021-08-23,-80°C galeriens 1st shelf left,-80,Louis Caray--Counil,,Cecile Fauvelot,https://orcid.org/0000-0003-0806-1222,true,NA,NA,NA,NA,NA,NA,NA,NA,EMOBON_VB_Wa_50
EMO BON VB 210823 Wa 200µm (3),EMOBON metagenome water sample from station VB collected on 2021-08-23 size fraction 200um,https://www.ncbi.nlm.nih.gov/taxonomy/browser/wwwtax.cgi?id=1874687,marine plankton metagenome,metagenome,seawater [ENVO:00002149]; coastal sea water [ENVO:00002150]; surface water [ENVO:00002042],2021-08-23,VB_Wa_210823,Louis Caray--Counil,,no_tide,,0-75,3,,,200,200,NA,false,200µm WP2 net,WaSOP 3,bleach,2021-08-23,-80°C galeriens 1st shelf left,-80,Louis Caray--Counil,,Cecile Fauvelot,https://orcid.org/0000-0003-0806-1222,true,NA,NA,NA,NA,NA,NA,NA,NA,EMOBON_VB_Wa_51
EMO BON VB 210823 Wa 200µm (4),EMOBON metagenome water sample from station VB collected on 2021-08-23 size fraction 200um,https://www.ncbi.nlm.nih.gov/taxonomy/browser/wwwtax.cgi?id=1874687,marine plankton metagenome,metagenome,seawater [ENVO:00002149]; coastal sea water [ENVO:00002150]; surface water [ENVO:00002042],2021-08-23,VB_Wa_210823,Louis Caray--Counil,,no_tide,,0-75,4,,,200,200,NA,false,200µm WP2 net,WaSOP 3,bleach,2021-08-23,-80°C galeriens 1st shelf left,-80,Louis Caray--Counil,,Cecile Fauvelot,https://orcid.org/0000-0003-0806-1222,true,NA,NA,NA,NA,NA,NA,NA,NA,EMOBON_VB_Wa_52
EMO BON VB 210906 Wa 3µm (1),EMOBON metagenome water sample from station VB collected on 2021-09-06 size fraction 3-9999um,https://www.ncbi.nlm.nih.gov/taxonomy/browser/wwwtax.cgi?id=1874687,marine plankton metagenome,metagenome,seawater [ENVO:00002149]; coastal sea water [ENVO:00002150]; surface water [ENVO:00002042],2021-09-06,VB_Wa_210906,Louis Caray--Counil,,no_tide,,1,1,13,1,3-9999,3,200,true,Niskin,WaSOP 1,bleach,2021-09-06,-80°C galeriens 1st shelf left,-80,Louis Caray--Counil,,Cecile Fauvelot,https://orcid.org/0000-0003-0806-1222,true,NA,NA,NA,NA,NA,NA,NA,NA,EMOBON_VB_Wa_53
EMO BON VB 210906 Wa 3µm (2),EMOBON metagenome water sample from station VB collected on 2021-09-06 size fraction 3-9999um,https://www.ncbi.nlm.nih.gov/taxonomy/browser/wwwtax.cgi?id=1874687,marine plankton metagenome,metagenome,seawater [ENVO:00002149]; coastal sea water [ENVO:00002150]; surface water [ENVO:00002042],2021-09-06,VB_Wa_210906,Louis Caray--Counil,,no_tide,,1,2,13,1,3-9999,3,200,true,Niskin,WaSOP 1,bleach,2021-09-06,-80°C galeriens 1st shelf left,-80,Louis Caray--Counil,,Cecile Fauvelot,https://orcid.org/0000-0003-0806-1222,true,NA,NA,NA,NA,NA,NA,NA,NA,EMOBON_VB_Wa_54
EMO BON VB 210906 Wa 0.2µm (1),EMOBON metagenome water sample from station VB collected on 2021-09-06 size fraction 0.2-3um,https://www.ncbi.nlm.nih.gov/taxonomy/browser/wwwtax.cgi?id=1874687,marine plankton metagenome,metagenome,seawater [ENVO:00002149]; coastal sea water [ENVO:00002150]; surface water [ENVO:00002042],2021-09-06,VB_Wa_210906,Louis Caray--Counil,,no_tide,,1,1,13,1,0.2-3,0.2,3,true,Niskin,WaSOP 1,bleach,2021-09-06,-80°C galeriens 1st shelf left,-80,Louis Caray--Counil,,Cecile Fauvelot,https://orcid.org/0000-0003-0806-1222,true,NA,NA,NA,NA,NA,NA,NA,NA,EMOBON_VB_Wa_55
EMO BON VB 210906 Wa 0.2µm (2),EMOBON metagenome water sample from station VB collected on 2021-09-06 size fraction 0.2-3um,https://www.ncbi.nlm.nih.gov/taxonomy/browser/wwwtax.cgi?id=1874687,marine plankton metagenome,metagenome,seawater [ENVO:00002149]; coastal sea water [ENVO:00002150]; surface water [ENVO:00002042],2021-09-06,VB_Wa_210906,Louis Caray--Counil,,no_tide,,1,2,13,1,0.2-3,0.2,3,true,Niskin,WaSOP 1,bleach,2021-09-06,-80°C galeriens 1st shelf left,-80,Louis Caray--Counil,,Cecile Fauvelot,https://orcid.org/0000-0003-0806-1222,true,NA,NA,NA,NA,NA,NA,NA,NA,EMOBON_VB_Wa_56
EMO BON VB 210906 Wa 20µm (1),EMOBON metagenome water sample from station VB collected on 2021-09-06 size fraction 20um,https://www.ncbi.nlm.nih.gov/taxonomy/browser/wwwtax.cgi?id=1874687,marine plankton metagenome,metagenome,seawater [ENVO:00002149]; coastal sea water [ENVO:00002150]; surface water [ENVO:00002042],2021-09-06,VB_Wa_210906,Louis Caray--Counil,,no_tide,,0-50,1,,,20,20,NA,false,20µm WP2 net,WaSOP 2,bleach,2021-09-06,-80°C galeriens 1st shelf left,-80,Louis Caray--Counil,,Cecile Fauvelot,https://orcid.org/0000-0003-0806-1222,true,NA,NA,NA,NA,NA,NA,NA,NA,EMOBON_VB_Wa_57
EMO BON VB 210906 Wa 20µm (2),EMOBON metagenome water sample from station VB collected on 2021-09-06 size fraction 20um,https://www.ncbi.nlm.nih.gov/taxonomy/browser/wwwtax.cgi?id=1874687,marine plankton metagenome,metagenome,seawater [ENVO:00002149]; coastal sea water [ENVO:00002150]; surface water [ENVO:00002042],2021-09-06,VB_Wa_210906,Louis Caray--Counil,,no_tide,,0-50,2,,,20,20,NA,false,20µm WP2 net,WaSOP 2,bleach,2021-09-06,-80°C galeriens 1st shelf left,-80,Louis Caray--Counil,,Cecile Fauvelot,https://orcid.org/0000-0003-0806-1222,true,NA,NA,NA,NA,NA,NA,NA,NA,EMOBON_VB_Wa_58
EMO BON VB 210906 Wa 20µm (3),EMOBON metagenome water sample from station VB collected on 2021-09-06 size fraction 20um,https://www.ncbi.nlm.nih.gov/taxonomy/browser/wwwtax.cgi?id=1874687,marine plankton metagenome,metagenome,seawater [ENVO:00002149]; coastal sea water [ENVO:00002150]; surface water [ENVO:00002042],2021-09-06,VB_Wa_210906,Louis Caray--Counil,,no_tide,,0-50,3,,,20,20,NA,false,20µm WP2 net,WaSOP 2,bleach,2021-09-06,-80°C galeriens 1st shelf left,-80,Louis Caray--Counil,,Cecile Fauvelot,https://orcid.org/0000-0003-0806-1222,true,NA,NA,NA,NA,NA,NA,NA,NA,EMOBON_VB_Wa_59
EMO BON VB 210906 Wa 20µm (4),EMOBON metagenome water sample from station VB collected on 2021-09-06 size fraction 20um,https://www.ncbi.nlm.nih.gov/taxonomy/browser/wwwtax.cgi?id=1874687,marine plankton metagenome,metagenome,seawater [ENVO:00002149]; coastal sea water [ENVO:00002150]; surface water [ENVO:00002042],2021-09-06,VB_Wa_210906,Louis Caray--Counil,,no_tide,,0-50,4,,,20,20,NA,false,20µm WP2 net,WaSOP 2,bleach,2021-09-06,-80°C galeriens 1st shelf left,-80,Louis Caray--Counil,,Cecile Fauvelot,https://orcid.org/0000-0003-0806-1222,true,NA,NA,NA,NA,NA,NA,NA,NA,EMOBON_VB_Wa_60
EMO BON VB 210906 Wa 200µm (1),EMOBON metagenome water sample from station VB collected on 2021-09-06 size fraction 200um,https://www.ncbi.nlm.nih.gov/taxonomy/browser/wwwtax.cgi?id=1874687,marine plankton metagenome,metagenome,seawater [ENVO:00002149]; coastal sea water [ENVO:00002150]; surface water [ENVO:00002042],2021-09-06,VB_Wa_210906,Louis Caray--Counil,,no_tide,,0-75,1,,,200,200,NA,false,200µm WP2 net,WaSOP 3,bleach,2021-09-06,-80°C galeriens 1st shelf left,-80,Louis Caray--Counil,,Cecile Fauvelot,https://orcid.org/0000-0003-0806-1222,true,NA,NA,NA,NA,NA,NA,NA,NA,EMOBON_VB_Wa_61
EMO BON VB 210906 Wa 200µm (2),EMOBON metagenome water sample from station VB collected on 2021-09-06 size fraction 200um,https://www.ncbi.nlm.nih.gov/taxonomy/browser/wwwtax.cgi?id=1874687,marine plankton metagenome,metagenome,seawater [ENVO:00002149]; coastal sea water [ENVO:00002150]; surface water [ENVO:00002042],2021-09-06,VB_Wa_210906,Louis Caray--Counil,,no_tide,,0-75,2,,,200,200,NA,false,200µm WP2 net,WaSOP 3,bleach,2021-09-06,-80°C galeriens 1st shelf left,-80,Louis Caray--Counil,,Cecile Fauvelot,https://orcid.org/0000-0003-0806-1222,true,NA,NA,NA,NA,NA,NA,NA,NA,EMOBON_VB_Wa_62
EMO BON VB 210906 Wa 200µm (3),EMOBON metagenome water sample from station VB collected on 2021-09-06 size fraction 200um,https://www.ncbi.nlm.nih.gov/taxonomy/browser/wwwtax.cgi?id=1874687,marine plankton metagenome,metagenome,seawater [ENVO:00002149]; coastal sea water [ENVO:00002150]; surface water [ENVO:00002042],2021-09-06,VB_Wa_210906,Louis Caray--Counil,,no_tide,,0-75,3,,,200,200,NA,false,200µm WP2 net,WaSOP 3,bleach,2021-09-06,-80°C galeriens 1st shelf left,-80,Louis Caray--Counil,,Cecile Fauvelot,https://orcid.org/0000-0003-0806-1222,true,NA,NA,NA,NA,NA,NA,NA,NA,EMOBON_VB_Wa_63
EMO BON VB 210906 Wa 200µm (4),EMOBON metagenome water sample from station VB collected on 2021-09-06 size fraction 200um,https://www.ncbi.nlm.nih.gov/taxonomy/browser/wwwtax.cgi?id=1874687,marine plankton metagenome,metagenome,seawater [ENVO:00002149]; coastal sea water [ENVO:00002150]; surface water [ENVO:00002042],2021-09-06,VB_Wa_210906,Louis Caray--Counil,,no_tide,,0-75,4,,,200,200,NA,false,200µm WP2 net,WaSOP 3,bleach,2021-09-06,-80°C galeriens 1st shelf left,-80,Louis Caray--Counil,,Cecile Fauvelot,https://orcid.org/0000-0003-0806-1222,true,NA,NA,NA,NA,NA,NA,NA,NA,EMOBON_VB_Wa_64
EMO BON VB 210920 Wa 3µm (1),EMOBON metagenome water sample from station VB collected on 2021-09-20 size fraction 3-9999um,https://www.ncbi.nlm.nih.gov/taxonomy/browser/wwwtax.cgi?id=1874687,marine plankton metagenome,metagenome,seawater [ENVO:00002149]; coastal sea water [ENVO:00002150]; surface water [ENVO:00002042],2021-09-20,VB_Wa_210920,Fabien Lombard,,no_tide,,1,1,13,1,3-9999,3,200,true,Niskin,WaSOP 1,bleach,2021-09-20,-80°C galeriens 1st shelf left,-80,Louis Caray--Counil,,Cecile Fauvelot,https://orcid.org/0000-0003-0806-1222,true,NA,NA,NA,NA,NA,NA,NA,NA,EMOBON_VB_Wa_65
EMO BON VB 210920 Wa 3µm (2),EMOBON metagenome water sample from station VB collected on 2021-09-20 size fraction 3-9999um,https://www.ncbi.nlm.nih.gov/taxonomy/browser/wwwtax.cgi?id=1874687,marine plankton metagenome,metagenome,seawater [ENVO:00002149]; coastal sea water [ENVO:00002150]; surface water [ENVO:00002042],2021-09-20,VB_Wa_210920,Fabien Lombard,,no_tide,,1,2,13,1,3-9999,3,200,true,Niskin,WaSOP 1,bleach,2021-09-20,-80°C galeriens 1st shelf left,-80,Louis Caray--Counil,,Cecile Fauvelot,https://orcid.org/0000-0003-0806-1222,true,NA,NA,NA,NA,NA,NA,NA,NA,EMOBON_VB_Wa_66
EMO BON VB 210920 Wa 3µm blank,EMOBON metagenome water sample from station VB collected on 2021-09-20 size fraction 3um,https://www.ncbi.nlm.nih.gov/taxonomy/browser/wwwtax.cgi?id=256318,metagenome,metagenome,seawater [ENVO:00002149]; coastal sea water [ENVO:00002150]; surface water [ENVO:00002042],2021-09-20,VB_Wa_210920,Fabien Lombard,,no_tide,,,blank_1,,,3,3,NA,false,,WaSOP 1,bleach,2021-09-20,-80°C galeriens 1st shelf left,,,,,,true,NA,NA,NA,NA,NA,NA,NA,NA,EMOBON_VB_Wa_67
EMO BON VB 210920 Wa 0.2µm (1),EMOBON metagenome water sample from station VB collected on 2021-09-20 size fraction 0.2-3um,https://www.ncbi.nlm.nih.gov/taxonomy/browser/wwwtax.cgi?id=1874687,marine plankton metagenome,metagenome,seawater [ENVO:00002149]; coastal sea water [ENVO:00002150]; surface water [ENVO:00002042],2021-09-20,VB_Wa_210920,Fabien Lombard,,no_tide,,1,1,13,1,0.2-3,0.2,3,true,Niskin,WaSOP 1,bleach,2021-09-20,-80°C galeriens 1st shelf left,-80,Louis Caray--Counil,,Cecile Fauvelot,https://orcid.org/0000-0003-0806-1222,true,NA,NA,NA,NA,NA,NA,NA,NA,EMOBON_VB_Wa_68
EMO BON VB 210920 Wa 0.2µm (2),EMOBON metagenome water sample from station VB collected on 2021-09-20 size fraction 0.2-3um,https://www.ncbi.nlm.nih.gov/taxonomy/browser/wwwtax.cgi?id=1874687,marine plankton metagenome,metagenome,seawater [ENVO:00002149]; coastal sea water [ENVO:00002150]; surface water [ENVO:00002042],2021-09-20,VB_Wa_210920,Fabien Lombard,,no_tide,,1,2,13,1,0.2-3,0.2,3,true,Niskin,WaSOP 1,bleach,2021-09-20,-80°C galeriens 1st shelf left,-80,Louis Caray--Counil,,Cecile Fauvelot,https://orcid.org/0000-0003-0806-1222,true,NA,NA,NA,NA,NA,NA,NA,NA,EMOBON_VB_Wa_69
EMO BON VB 210920 Wa 0.2µm blank,EMOBON metagenome water sample from station VB collected on 2021-09-20 size fraction 0.2-3um,https://www.ncbi.nlm.nih.gov/taxonomy/browser/wwwtax.cgi?id=256318,metagenome,metagenome,seawater [ENVO:00002149]; coastal sea water [ENVO:00002150]; surface water [ENVO:00002042],2021-09-20,VB_Wa_210920,Fabien Lombard,,no_tide,,,blank_1,,,0.2-3,0.2,3,false,,WaSOP 1,bleach,2021-09-20,-80°C galeriens 1st shelf left,,,,,,true,NA,NA,NA,NA,NA,NA,NA,NA,EMOBON_VB_Wa_70
EMO BON VB 210920 Wa 20µm (1),EMOBON metagenome water sample from station VB collected on 2021-09-20 size fraction 20um,https://www.ncbi.nlm.nih.gov/taxonomy/browser/wwwtax.cgi?id=1874687,marine plankton metagenome,metagenome,seawater [ENVO:00002149]; coastal sea water [ENVO:00002150]; surface water [ENVO:00002042],2021-09-20,VB_Wa_210920,Fabien Lombard,,no_tide,,0-50,1,,,20,20,NA,false,20µm WP2 net,WaSOP 2,bleach,2021-09-20,-80°C galeriens 1st shelf left,-80,Louis Caray--Counil,,Cecile Fauvelot,https://orcid.org/0000-0003-0806-1222,true,NA,NA,NA,NA,NA,NA,NA,NA,EMOBON_VB_Wa_71
EMO BON VB 210920 Wa 20µm (2),EMOBON metagenome water sample from station VB collected on 2021-09-20 size fraction 20um,https://www.ncbi.nlm.nih.gov/taxonomy/browser/wwwtax.cgi?id=1874687,marine plankton metagenome,metagenome,seawater [ENVO:00002149]; coastal sea water [ENVO:00002150]; surface water [ENVO:00002042],2021-09-20,VB_Wa_210920,Fabien Lombard,,no_tide,,0-50,2,,,20,20,NA,false,20µm WP2 net,WaSOP 2,bleach,2021-09-20,-80°C galeriens 1st shelf left,-80,Louis Caray--Counil,,Cecile Fauvelot,https://orcid.org/0000-0003-0806-1222,true,NA,NA,NA,NA,NA,NA,NA,NA,EMOBON_VB_Wa_72
EMO BON VB 210920 Wa 20µm (3),EMOBON metagenome water sample from station VB collected on 2021-09-20 size fraction 20um,https://www.ncbi.nlm.nih.gov/taxonomy/browser/wwwtax.cgi?id=1874687,marine plankton metagenome,metagenome,seawater [ENVO:00002149]; coastal sea water [ENVO:00002150]; surface water [ENVO:00002042],2021-09-20,VB_Wa_210920,Fabien Lombard,,no_tide,,0-50,3,,,20,20,NA,false,20µm WP2 net,WaSOP 2,bleach,2021-09-20,-80°C galeriens 1st shelf left,-80,Louis Caray--Counil,,Cecile Fauvelot,https://orcid.org/0000-0003-0806-1222,true,NA,NA,NA,NA,NA,NA,NA,NA,EMOBON_VB_Wa_73
EMO BON VB 210920 Wa 20µm (4),EMOBON metagenome water sample from station VB collected on 2021-09-20 size fraction 20um,https://www.ncbi.nlm.nih.gov/taxonomy/browser/wwwtax.cgi?id=1874687,marine plankton metagenome,metagenome,seawater [ENVO:00002149]; coastal sea water [ENVO:00002150]; surface water [ENVO:00002042],2021-09-20,VB_Wa_210920,Fabien Lombard,,no_tide,,0-50,4,,,20,20,NA,false,20µm WP2 net,WaSOP 2,bleach,2021-09-20,-80°C galeriens 1st shelf left,-80,Louis Caray--Counil,,Cecile Fauvelot,https://orcid.org/0000-0003-0806-1222,true,NA,NA,NA,NA,NA,NA,NA,NA,EMOBON_VB_Wa_74
EMO BON VB 210920 Wa 20µm blank,EMOBON metagenome water sample from station VB collected on 2021-09-20 size fraction 20um,https://www.ncbi.nlm.nih.gov/taxonomy/browser/wwwtax.cgi?id=256318,metagenome,metagenome,seawater [ENVO:00002149]; coastal sea water [ENVO:00002150]; surface water [ENVO:00002042],2021-09-20,VB_Wa_210920,Fabien Lombard,,no_tide,,,blank_1,,,20,20,NA,false,,WaSOP 2,bleach,2021-09-20,-80°C galeriens 1st shelf left,,,,,,true,NA,NA,NA,NA,NA,NA,NA,NA,EMOBON_VB_Wa_75
EMO BON VB 210920 Wa 200µm (1),EMOBON metagenome water sample from station VB collected on 2021-09-20 size fraction 200um,https://www.ncbi.nlm.nih.gov/taxonomy/browser/wwwtax.cgi?id=1874687,marine plankton metagenome,metagenome,seawater [ENVO:00002149]; coastal sea water [ENVO:00002150]; surface water [ENVO:00002042],2021-09-20,VB_Wa_210920,Fabien Lombard,,no_tide,,0-75,1,,,200,200,NA,false,200µm WP2 net,WaSOP 3,bleach,2021-09-20,-80°C galeriens 1st shelf left,-80,Louis Caray--Counil,,Cecile Fauvelot,https://orcid.org/0000-0003-0806-1222,true,NA,NA,NA,NA,NA,NA,NA,NA,EMOBON_VB_Wa_76
EMO BON VB 210920 Wa 200µm (2),EMOBON metagenome water sample from station VB collected on 2021-09-20 size fraction 200um,https://www.ncbi.nlm.nih.gov/taxonomy/browser/wwwtax.cgi?id=1874687,marine plankton metagenome,metagenome,seawater [ENVO:00002149]; coastal sea water [ENVO:00002150]; surface water [ENVO:00002042],2021-09-20,VB_Wa_210920,Fabien Lombard,,no_tide,,0-75,2,,,200,200,NA,false,200µm WP2 net,WaSOP 3,bleach,2021-09-20,-80°C galeriens 1st shelf left,-80,Louis Caray--Counil,,Cecile Fauvelot,https://orcid.org/0000-0003-0806-1222,true,NA,NA,NA,NA,NA,NA,NA,NA,EMOBON_VB_Wa_77
EMO BON VB 210920 Wa 200µm (3),EMOBON metagenome water sample from station VB collected on 2021-09-20 size fraction 200um,https://www.ncbi.nlm.nih.gov/taxonomy/browser/wwwtax.cgi?id=1874687,marine plankton metagenome,metagenome,seawater [ENVO:00002149]; coastal sea water [ENVO:00002150]; surface water [ENVO:00002042],2021-09-20,VB_Wa_210920,Fabien Lombard,,no_tide,,0-75,3,,,200,200,NA,false,200µm WP2 net,WaSOP 3,bleach,2021-09-20,-80°C galeriens 1st shelf left,-80,Louis Caray--Counil,,Cecile Fauvelot,https://orcid.org/0000-0003-0806-1222,true,NA,NA,NA,NA,NA,NA,NA,NA,EMOBON_VB_Wa_78
EMO BON VB 210920 Wa 200µm (4),EMOBON metagenome water sample from station VB collected on 2021-09-20 size fraction 200um,https://www.ncbi.nlm.nih.gov/taxonomy/browser/wwwtax.cgi?id=1874687,marine plankton metagenome,metagenome,seawater [ENVO:00002149]; coastal sea water [ENVO:00002150]; surface water [ENVO:00002042],2021-09-20,VB_Wa_210920,Fabien Lombard,,no_tide,,0-75,4,,,200,200,NA,false,200µm WP2 net,WaSOP 3,bleach,2021-09-20,-80°C galeriens 1st shelf left,-80,Louis Caray--Counil,,Cecile Fauvelot,https://orcid.org/0000-0003-0806-1222,true,NA,NA,NA,NA,NA,NA,NA,NA,EMOBON_VB_Wa_79
EMO BON VB 210920 Wa 200µm blank,EMOBON metagenome water sample from station VB collected on 2021-09-20 size fraction 200um,https://www.ncbi.nlm.nih.gov/taxonomy/browser/wwwtax.cgi?id=256318,metagenome,metagenome,seawater [ENVO:00002149]; coastal sea water [ENVO:00002150]; surface water [ENVO:00002042],2021-09-20,VB_Wa_210920,Fabien Lombard,,no_tide,,,blank_1,,,200,200,NA,false,,WaSOP 3,bleach,2021-09-20,-80°C galeriens 1st shelf left,,,,,,true,NA,NA,NA,NA,NA,NA,NA,NA,EMOBON_VB_Wa_80
EMO BON VB 211004 Wa 3µm (1),EMOBON metagenome water sample from station VB collected on 2021-10-04 size fraction 3-9999um,https://www.ncbi.nlm.nih.gov/taxonomy/browser/wwwtax.cgi?id=1874687,marine plankton metagenome,metagenome,seawater [ENVO:00002149]; coastal sea water [ENVO:00002150]; surface water [ENVO:00002042],2021-10-04,VB_Wa_211004,Louis Caray--Counil,,no_tide,,1,1,13,1,3-9999,3,200,true,Niskin,WaSOP 1,bleach,2021-10-04,-80°C galeriens 1st shelf left,-80,Louis Caray--Counil,,Cecile Fauvelot,https://orcid.org/0000-0003-0806-1222,true,NA,NA,NA,NA,NA,NA,NA,NA,EMOBON_VB_Wa_81
EMO BON VB 211004 Wa 3µm (2),EMOBON metagenome water sample from station VB collected on 2021-10-04 size fraction 3-9999um,https://www.ncbi.nlm.nih.gov/taxonomy/browser/wwwtax.cgi?id=1874687,marine plankton metagenome,metagenome,seawater [ENVO:00002149]; coastal sea water [ENVO:00002150]; surface water [ENVO:00002042],2021-10-04,VB_Wa_211004,Louis Caray--Counil,,no_tide,,1,2,13,1,3-9999,3,200,true,Niskin,WaSOP 1,bleach,2021-10-04,-80°C galeriens 1st shelf left,-80,Louis Caray--Counil,,Cecile Fauvelot,https://orcid.org/0000-0003-0806-1222,true,NA,NA,NA,NA,NA,NA,NA,NA,EMOBON_VB_Wa_82
EMO BON VB 211004 Wa 0.2µm (1),EMOBON metagenome water sample from station VB collected on 2021-10-04 size fraction 0.2-3um,https://www.ncbi.nlm.nih.gov/taxonomy/browser/wwwtax.cgi?id=1874687,marine plankton metagenome,metagenome,seawater [ENVO:00002149]; coastal sea water [ENVO:00002150]; surface water [ENVO:00002042],2021-10-04,VB_Wa_211004,Louis Caray--Counil,,no_tide,,1,1,13,1,0.2-3,0.2,3,true,Niskin,WaSOP 1,bleach,2021-10-04,-80°C galeriens 1st shelf left,-80,Louis Caray--Counil,,Cecile Fauvelot,https://orcid.org/0000-0003-0806-1222,true,NA,NA,NA,NA,NA,NA,NA,NA,EMOBON_VB_Wa_83
EMO BON VB 211004 Wa 0.2µm (2),EMOBON metagenome water sample from station VB collected on 2021-10-04 size fraction 0.2-3um,https://www.ncbi.nlm.nih.gov/taxonomy/browser/wwwtax.cgi?id=1874687,marine plankton metagenome,metagenome,seawater [ENVO:00002149]; coastal sea water [ENVO:00002150]; surface water [ENVO:00002042],2021-10-04,VB_Wa_211004,Louis Caray--Counil,,no_tide,,1,2,13,1,0.2-3,0.2,3,true,Niskin,WaSOP 1,bleach,2021-10-04,-80°C galeriens 1st shelf left,-80,Louis Caray--Counil,,Cecile Fauvelot,https://orcid.org/0000-0003-0806-1222,true,NA,NA,NA,NA,NA,NA,NA,NA,EMOBON_VB_Wa_84
EMO BON VB 211004 Wa 20µm (1),EMOBON metagenome water sample from station VB collected on 2021-10-04 size fraction 20um,https://www.ncbi.nlm.nih.gov/taxonomy/browser/wwwtax.cgi?id=1874687,marine plankton metagenome,metagenome,seawater [ENVO:00002149]; coastal sea water [ENVO:00002150]; surface water [ENVO:00002042],2021-10-04,VB_Wa_211004,Louis Caray--Counil,,no_tide,,0-50,1,,,20,20,NA,false,20µm WP2 net,WaSOP 2,bleach,2021-10-04,-80°C galeriens 1st shelf left,-80,Louis Caray--Counil,,Cecile Fauvelot,https://orcid.org/0000-0003-0806-1222,true,NA,NA,NA,NA,NA,NA,NA,NA,EMOBON_VB_Wa_85
EMO BON VB 211004 Wa 20µm (2),EMOBON metagenome water sample from station VB collected on 2021-10-04 size fraction 20um,https://www.ncbi.nlm.nih.gov/taxonomy/browser/wwwtax.cgi?id=1874687,marine plankton metagenome,metagenome,seawater [ENVO:00002149]; coastal sea water [ENVO:00002150]; surface water [ENVO:00002042],2021-10-04,VB_Wa_211004,Louis Caray--Counil,,no_tide,,0-50,2,,,20,20,NA,false,20µm WP2 net,WaSOP 2,bleach,2021-10-04,-80°C galeriens 1st shelf left,-80,Louis Caray--Counil,,Cecile Fauvelot,https://orcid.org/0000-0003-0806-1222,true,NA,NA,NA,NA,NA,NA,NA,NA,EMOBON_VB_Wa_86
EMO BON VB 211004 Wa 20µm (3),EMOBON metagenome water sample from station VB collected on 2021-10-04 size fraction 20um,https://www.ncbi.nlm.nih.gov/taxonomy/browser/wwwtax.cgi?id=1874687,marine plankton metagenome,metagenome,seawater [ENVO:00002149]; coastal sea water [ENVO:00002150]; surface water [ENVO:00002042],2021-10-04,VB_Wa_211004,Louis Caray--Counil,,no_tide,,0-50,3,,,20,20,NA,false,20µm WP2 net,WaSOP 2,bleach,2021-10-04,-80°C galeriens 1st shelf left,-80,Louis Caray--Counil,,Cecile Fauvelot,https://orcid.org/0000-0003-0806-1222,true,NA,NA,NA,NA,NA,NA,NA,NA,EMOBON_VB_Wa_87
EMO BON VB 211004 Wa 20µm (4),EMOBON metagenome water sample from station VB collected on 2021-10-04 size fraction 20um,https://www.ncbi.nlm.nih.gov/taxonomy/browser/wwwtax.cgi?id=1874687,marine plankton metagenome,metagenome,seawater [ENVO:00002149]; coastal sea water [ENVO:00002150]; surface water [ENVO:00002042],2021-10-04,VB_Wa_211004,Louis Caray--Counil,,no_tide,,0-50,4,,,20,20,NA,false,20µm WP2 net,WaSOP 2,bleach,2021-10-04,-80°C galeriens 1st shelf left,-80,Louis Caray--Counil,,Cecile Fauvelot,https://orcid.org/0000-0003-0806-1222,true,NA,NA,NA,NA,NA,NA,NA,NA,EMOBON_VB_Wa_88
EMO BON VB 211004 Wa 200µm (1),EMOBON metagenome water sample from station VB collected on 2021-10-04 size fraction 200um,https://www.ncbi.nlm.nih.gov/taxonomy/browser/wwwtax.cgi?id=1874687,marine plankton metagenome,metagenome,seawater [ENVO:00002149]; coastal sea water [ENVO:00002150]; surface water [ENVO:00002042],2021-10-04,VB_Wa_211004,Louis Caray--Counil,,no_tide,,0-75,1,,,200,200,NA,false,200µm WP2 net,WaSOP 3,bleach,2021-10-04,-80°C galeriens 1st shelf left,-80,Louis Caray--Counil,,Cecile Fauvelot,https://orcid.org/0000-0003-0806-1222,true,NA,NA,NA,NA,NA,NA,NA,NA,EMOBON_VB_Wa_89
EMO BON VB 211004 Wa 200µm (2),EMOBON metagenome water sample from station VB collected on 2021-10-04 size fraction 200um,https://www.ncbi.nlm.nih.gov/taxonomy/browser/wwwtax.cgi?id=1874687,marine plankton metagenome,metagenome,seawater [ENVO:00002149]; coastal sea water [ENVO:00002150]; surface water [ENVO:00002042],2021-10-04,VB_Wa_211004,Louis Caray--Counil,,no_tide,,0-75,2,,,200,200,NA,false,200µm WP2 net,WaSOP 3,bleach,2021-10-04,-80°C galeriens 1st shelf left,-80,Louis Caray--Counil,,Cecile Fauvelot,https://orcid.org/0000-0003-0806-1222,true,NA,NA,NA,NA,NA,NA,NA,NA,EMOBON_VB_Wa_90
EMO BON VB 211004 Wa 200µm (3),EMOBON metagenome water sample from station VB collected on 2021-10-04 size fraction 200um,https://www.ncbi.nlm.nih.gov/taxonomy/browser/wwwtax.cgi?id=1874687,marine plankton metagenome,metagenome,seawater [ENVO:00002149]; coastal sea water [ENVO:00002150]; surface water [ENVO:00002042],2021-10-04,VB_Wa_211004,Louis Caray--Counil,,no_tide,,0-75,3,,,200,200,NA,false,200µm WP2 net,WaSOP 3,bleach,2021-10-04,-80°C galeriens 1st shelf left,-80,Louis Caray--Counil,,Cecile Fauvelot,https://orcid.org/0000-0003-0806-1222,true,NA,NA,NA,NA,NA,NA,NA,NA,EMOBON_VB_Wa_91
EMO BON VB 211004 Wa 200µm (4),EMOBON metagenome water sample from station VB collected on 2021-10-04 size fraction 200um,https://www.ncbi.nlm.nih.gov/taxonomy/browser/wwwtax.cgi?id=1874687,marine plankton metagenome,metagenome,seawater [ENVO:00002149]; coastal sea water [ENVO:00002150]; surface water [ENVO:00002042],2021-10-04,VB_Wa_211004,Louis Caray--Counil,,no_tide,,0-75,4,,,200,200,NA,false,200µm WP2 net,WaSOP 3,bleach,2021-10-04,-80°C galeriens 1st shelf left,-80,Louis Caray--Counil,,Cecile Fauvelot,https://orcid.org/0000-0003-0806-1222,true,NA,NA,NA,NA,NA,NA,NA,NA,EMOBON_VB_Wa_92
EMO BON VB 211018 Wa 3µm (1),EMOBON metagenome water sample from station VB collected on 2021-10-18 size fraction 3-9999um,https://www.ncbi.nlm.nih.gov/taxonomy/browser/wwwtax.cgi?id=1874687,marine plankton metagenome,metagenome,seawater [ENVO:00002149]; coastal sea water [ENVO:00002150]; surface water [ENVO:00002042],2021-10-18,VB_Wa_211018,Louis Caray--Counil,,no_tide,,1,1,13,1,3-9999,3,200,true,Niskin,WaSOP 1,bleach,2021-10-18,-80°C galeriens 1st shelf left,-80,Louis Caray--Counil,,Cecile Fauvelot,https://orcid.org/0000-0003-0806-1222,false,2022-01-17,2022-01-25,-70,2022-02-22,2022-02-23,false,NA,NA,EMOBON_VB_Wa_93
EMO BON VB 211018 Wa 3µm (2),EMOBON metagenome water sample from station VB collected on 2021-10-18 size fraction 3-9999um,https://www.ncbi.nlm.nih.gov/taxonomy/browser/wwwtax.cgi?id=1874687,marine plankton metagenome,metagenome,seawater [ENVO:00002149]; coastal sea water [ENVO:00002150]; surface water [ENVO:00002042],2021-10-18,VB_Wa_211018,Louis Caray--Counil,,no_tide,,1,2,13,1,3-9999,3,200,true,Niskin,WaSOP 1,bleach,2021-10-18,-80°C galeriens 1st shelf left,-80,Louis Caray--Counil,,Cecile Fauvelot,https://orcid.org/0000-0003-0806-1222,false,2022-01-17,2022-01-25,-70,2022-02-22,2022-02-23,false,NA,NA,EMOBON_VB_Wa_94
EMO BON VB 211018 Wa 3µm blank,EMOBON metagenome water sample from station VB collected on 2021-10-18 size fraction 3um,https://www.ncbi.nlm.nih.gov/taxonomy/browser/wwwtax.cgi?id=256318,metagenome,metagenome,seawater [ENVO:00002149]; coastal sea water [ENVO:00002150]; surface water [ENVO:00002042],2021-10-18,VB_Wa_211018,Louis Caray--Counil,,no_tide,,,blank_1,,,3,3,NA,false,,WaSOP 1,bleach,2021-10-18,-80°C galeriens 1st shelf left,,,,,,false,2022-01-17,2022-01-25,-70,2022-02-22,2022-02-23,true,blank; non-quantifiable DNA after extraction,NA,EMOBON_VB_Wa_95
EMO BON VB 211018 Wa 0.2µm (1),EMOBON metagenome water sample from station VB collected on 2021-10-18 size fraction 0.2-3um,https://www.ncbi.nlm.nih.gov/taxonomy/browser/wwwtax.cgi?id=1874687,marine plankton metagenome,metagenome,seawater [ENVO:00002149]; coastal sea water [ENVO:00002150]; surface water [ENVO:00002042],2021-10-18,VB_Wa_211018,Louis Caray--Counil,,no_tide,,1,1,13,1,0.2-3,0.2,3,true,Niskin,WaSOP 1,bleach,2021-10-18,-80°C galeriens 1st shelf left,-80,Louis Caray--Counil,,Cecile Fauvelot,https://orcid.org/0000-0003-0806-1222,false,2022-01-17,2022-01-25,-70,2022-02-22,2022-02-23,false,NA,NA,EMOBON_VB_Wa_96
EMO BON VB 211018 Wa 0.2µm (2),EMOBON metagenome water sample from station VB collected on 2021-10-18 size fraction 0.2-3um,https://www.ncbi.nlm.nih.gov/taxonomy/browser/wwwtax.cgi?id=1874687,marine plankton metagenome,metagenome,seawater [ENVO:00002149]; coastal sea water [ENVO:00002150]; surface water [ENVO:00002042],2021-10-18,VB_Wa_211018,Louis Caray--Counil,,no_tide,,1,2,13,1,0.2-3,0.2,3,true,Niskin,WaSOP 1,bleach,2021-10-18,-80°C galeriens 1st shelf left,-80,Louis Caray--Counil,,Cecile Fauvelot,https://orcid.org/0000-0003-0806-1222,false,2022-01-17,2022-01-25,-70,2022-02-22,2022-02-23,false,NA,NA,EMOBON_VB_Wa_97
EMO BON VB 211018 Wa 0.2µm blank,EMOBON metagenome water sample from station VB collected on 2021-10-18 size fraction 0.2-3um,https://www.ncbi.nlm.nih.gov/taxonomy/browser/wwwtax.cgi?id=256318,metagenome,metagenome,seawater [ENVO:00002149]; coastal sea water [ENVO:00002150]; surface water [ENVO:00002042],2021-10-18,VB_Wa_211018,Louis Caray--Counil,,no_tide,,,blank_1,,,0.2-3,0.2,3,false,,WaSOP 1,bleach,2021-10-18,-80°C galeriens 1st shelf left,,,,,,false,2022-01-17,2022-01-25,-70,2022-02-22,2022-02-23,true,blank; non-quantifiable DNA after extraction,NA,EMOBON_VB_Wa_98
EMO BON VB 211018 Wa 20µm (1),EMOBON metagenome water sample from station VB collected on 2021-10-18 size fraction 20um,https://www.ncbi.nlm.nih.gov/taxonomy/browser/wwwtax.cgi?id=1874687,marine plankton metagenome,metagenome,seawater [ENVO:00002149]; coastal sea water [ENVO:00002150]; surface water [ENVO:00002042],2021-10-18,VB_Wa_211018,Louis Caray--Counil,,no_tide,,0-50,1,,,20,20,NA,false,20µm WP2 net,WaSOP 2,bleach,2021-10-18,-80°C galeriens 1st shelf left,-80,Louis Caray--Counil,,Cecile Fauvelot,https://orcid.org/0000-0003-0806-1222,true,NA,NA,NA,NA,NA,NA,NA,NA,EMOBON_VB_Wa_99
EMO BON VB 211018 Wa 20µm (2),EMOBON metagenome water sample from station VB collected on 2021-10-18 size fraction 20um,https://www.ncbi.nlm.nih.gov/taxonomy/browser/wwwtax.cgi?id=1874687,marine plankton metagenome,metagenome,seawater [ENVO:00002149]; coastal sea water [ENVO:00002150]; surface water [ENVO:00002042],2021-10-18,VB_Wa_211018,Louis Caray--Counil,,no_tide,,0-50,2,,,20,20,NA,false,20µm WP2 net,WaSOP 2,bleach,2021-10-18,-80°C galeriens 1st shelf left,-80,Louis Caray--Counil,,Cecile Fauvelot,https://orcid.org/0000-0003-0806-1222,true,NA,NA,NA,NA,NA,NA,NA,NA,EMOBON_VB_Wa_100
EMO BON VB 211018 Wa 20µm (3),EMOBON metagenome water sample from station VB collected on 2021-10-18 size fraction 20um,https://www.ncbi.nlm.nih.gov/taxonomy/browser/wwwtax.cgi?id=1874687,marine plankton metagenome,metagenome,seawater [ENVO:00002149]; coastal sea water [ENVO:00002150]; surface water [ENVO:00002042],2021-10-18,VB_Wa_211018,Louis Caray--Counil,,no_tide,,0-50,3,,,20,20,NA,false,20µm WP2 net,WaSOP 2,bleach,2021-10-18,-80°C galeriens 1st shelf left,-80,Louis Caray--Counil,,Cecile Fauvelot,https://orcid.org/0000-0003-0806-1222,true,NA,NA,NA,NA,NA,NA,NA,NA,EMOBON_VB_Wa_101
EMO BON VB 211018 Wa 20µm (4),EMOBON metagenome water sample from station VB collected on 2021-10-18 size fraction 20um,https://www.ncbi.nlm.nih.gov/taxonomy/browser/wwwtax.cgi?id=1874687,marine plankton metagenome,metagenome,seawater [ENVO:00002149]; coastal sea water [ENVO:00002150]; surface water [ENVO:00002042],2021-10-18,VB_Wa_211018,Louis Caray--Counil,,no_tide,,0-50,4,,,20,20,NA,false,20µm WP2 net,WaSOP 2,bleach,2021-10-18,-80°C galeriens 1st shelf left,-80,Louis Caray--Counil,,Cecile Fauvelot,https://orcid.org/0000-0003-0806-1222,true,NA,NA,NA,NA,NA,NA,NA,NA,EMOBON_VB_Wa_102
EMO BON VB 211018 Wa 20µm blank,EMOBON metagenome water sample from station VB collected on 2021-10-18 size fraction 20um,https://www.ncbi.nlm.nih.gov/taxonomy/browser/wwwtax.cgi?id=256318,metagenome,metagenome,seawater [ENVO:00002149]; coastal sea water [ENVO:00002150]; surface water [ENVO:00002042],2021-10-18,VB_Wa_211018,Louis Caray--Counil,,no_tide,,,blank_1,,,20,20,NA,false,,WaSOP 2,bleach,2021-10-18,-80°C galeriens 1st shelf left,,,,,,true,NA,NA,NA,NA,NA,NA,NA,NA,EMOBON_VB_Wa_103
EMO BON VB 211018 Wa 200µm (1),EMOBON metagenome water sample from station VB collected on 2021-10-18 size fraction 200um,https://www.ncbi.nlm.nih.gov/taxonomy/browser/wwwtax.cgi?id=1874687,marine plankton metagenome,metagenome,seawater [ENVO:00002149]; coastal sea water [ENVO:00002150]; surface water [ENVO:00002042],2021-10-18,VB_Wa_211018,Louis Caray--Counil,,no_tide,,0-75,1,,,200,200,NA,false,200µm WP2 net,WaSOP 3,bleach,2021-10-18,-80°C galeriens 1st shelf left,-80,Louis Caray--Counil,,Cecile Fauvelot,https://orcid.org/0000-0003-0806-1222,true,NA,NA,NA,NA,NA,NA,NA,NA,EMOBON_VB_Wa_104
EMO BON VB 211018 Wa 200µm (2),EMOBON metagenome water sample from station VB collected on 2021-10-18 size fraction 200um,https://www.ncbi.nlm.nih.gov/taxonomy/browser/wwwtax.cgi?id=1874687,marine plankton metagenome,metagenome,seawater [ENVO:00002149]; coastal sea water [ENVO:00002150]; surface water [ENVO:00002042],2021-10-18,VB_Wa_211018,Louis Caray--Counil,,no_tide,,0-75,2,,,200,200,NA,false,200µm WP2 net,WaSOP 3,bleach,2021-10-18,-80°C galeriens 1st shelf left,-80,Louis Caray--Counil,,Cecile Fauvelot,https://orcid.org/0000-0003-0806-1222,true,NA,NA,NA,NA,NA,NA,NA,NA,EMOBON_VB_Wa_105
EMO BON VB 211018 Wa 200µm (3),EMOBON metagenome water sample from station VB collected on 2021-10-18 size fraction 200um,https://www.ncbi.nlm.nih.gov/taxonomy/browser/wwwtax.cgi?id=1874687,marine plankton metagenome,metagenome,seawater [ENVO:00002149]; coastal sea water [ENVO:00002150]; surface water [ENVO:00002042],2021-10-18,VB_Wa_211018,Louis Caray--Counil,,no_tide,,0-75,3,,,200,200,NA,false,200µm WP2 net,WaSOP 3,bleach,2021-10-18,-80°C galeriens 1st shelf left,-80,Louis Caray--Counil,,Cecile Fauvelot,https://orcid.org/0000-0003-0806-1222,true,NA,NA,NA,NA,NA,NA,NA,NA,EMOBON_VB_Wa_106
EMO BON VB 211018 Wa 200µm (4),EMOBON metagenome water sample from station VB collected on 2021-10-18 size fraction 200um,https://www.ncbi.nlm.nih.gov/taxonomy/browser/wwwtax.cgi?id=1874687,marine plankton metagenome,metagenome,seawater [ENVO:00002149]; coastal sea water [ENVO:00002150]; surface water [ENVO:00002042],2021-10-18,VB_Wa_211018,Louis Caray--Counil,,no_tide,,0-75,4,,,200,200,NA,false,200µm WP2 net,WaSOP 3,bleach,2021-10-18,-80°C galeriens 1st shelf left,-80,Louis Caray--Counil,,Cecile Fauvelot,https://orcid.org/0000-0003-0806-1222,true,NA,NA,NA,NA,NA,NA,NA,NA,EMOBON_VB_Wa_107
EMO BON VB 211018 Wa 200µm blank,EMOBON metagenome water sample from station VB collected on 2021-10-18 size fraction 200um,https://www.ncbi.nlm.nih.gov/taxonomy/browser/wwwtax.cgi?id=256318,metagenome,metagenome,seawater [ENVO:00002149]; coastal sea water [ENVO:00002150]; surface water [ENVO:00002042],2021-10-18,VB_Wa_211018,Louis Caray--Counil,,no_tide,,,blank_1,,,200,200,NA,false,,WaSOP 3,bleach,2021-10-18,-80°C galeriens 1st shelf left,,,,,,true,NA,NA,NA,NA,NA,NA,NA,NA,EMOBON_VB_Wa_108
EMO BON VB 211029 Wa 3µm (1),EMOBON metagenome water sample from station VB collected on 2021-10-29 size fraction 3-9999um,https://www.ncbi.nlm.nih.gov/taxonomy/browser/wwwtax.cgi?id=1874687,marine plankton metagenome,metagenome,seawater [ENVO:00002149]; coastal sea water [ENVO:00002150]; surface water [ENVO:00002042],2021-10-29,VB_Wa_211029,Louis Caray--Counil,,no_tide,,1,1,13,1,3-9999,3,200,true,Niskin,WaSOP 1,bleach,2021-10-29,-80°C galeriens 1st shelf left,-80,Louis Caray--Counil,,Cecile Fauvelot,https://orcid.org/0000-0003-0806-1222,true,NA,NA,NA,NA,NA,NA,NA,NA,EMOBON_VB_Wa_109
EMO BON VB 211029 Wa 3µm (2),EMOBON metagenome water sample from station VB collected on 2021-10-29 size fraction 3-9999um,https://www.ncbi.nlm.nih.gov/taxonomy/browser/wwwtax.cgi?id=1874687,marine plankton metagenome,metagenome,seawater [ENVO:00002149]; coastal sea water [ENVO:00002150]; surface water [ENVO:00002042],2021-10-29,VB_Wa_211029,Louis Caray--Counil,,no_tide,,1,2,13,1,3-9999,3,200,true,Niskin,WaSOP 1,bleach,2021-10-29,-80°C galeriens 1st shelf left,-80,Louis Caray--Counil,,Cecile Fauvelot,https://orcid.org/0000-0003-0806-1222,true,NA,NA,NA,NA,NA,NA,NA,NA,EMOBON_VB_Wa_110
EMO BON VB 211029 Wa 0.2µm (1),EMOBON metagenome water sample from station VB collected on 2021-10-29 size fraction 0.2-3um,https://www.ncbi.nlm.nih.gov/taxonomy/browser/wwwtax.cgi?id=1874687,marine plankton metagenome,metagenome,seawater [ENVO:00002149]; coastal sea water [ENVO:00002150]; surface water [ENVO:00002042],2021-10-29,VB_Wa_211029,Louis Caray--Counil,,no_tide,,1,1,13,1,0.2-3,0.2,3,true,Niskin,WaSOP 1,bleach,2021-10-29,-80°C galeriens 1st shelf left,-80,Louis Caray--Counil,,Cecile Fauvelot,https://orcid.org/0000-0003-0806-1222,true,NA,NA,NA,NA,NA,NA,NA,NA,EMOBON_VB_Wa_111
EMO BON VB 211029 Wa 0.2µm (2),EMOBON metagenome water sample from station VB collected on 2021-10-29 size fraction 0.2-3um,https://www.ncbi.nlm.nih.gov/taxonomy/browser/wwwtax.cgi?id=1874687,marine plankton metagenome,metagenome,seawater [ENVO:00002149]; coastal sea water [ENVO:00002150]; surface water [ENVO:00002042],2021-10-29,VB_Wa_211029,Louis Caray--Counil,,no_tide,,1,2,13,1,0.2-3,0.2,3,true,Niskin,WaSOP 1,bleach,2021-10-29,-80°C galeriens 1st shelf left,-80,Louis Caray--Counil,,Cecile Fauvelot,https://orcid.org/0000-0003-0806-1222,true,NA,NA,NA,NA,NA,NA,NA,NA,EMOBON_VB_Wa_112
EMO BON VB 211029 Wa 20µm (1),EMOBON metagenome water sample from station VB collected on 2021-10-29 size fraction 20um,https://www.ncbi.nlm.nih.gov/taxonomy/browser/wwwtax.cgi?id=1874687,marine plankton metagenome,metagenome,seawater [ENVO:00002149]; coastal sea water [ENVO:00002150]; surface water [ENVO:00002042],2021-10-29,VB_Wa_211029,Louis Caray--Counil,,no_tide,,0-50,1,,,20,20,NA,false,20µm WP2 net,WaSOP 2,bleach,2021-10-29,-80°C galeriens 1st shelf left,-80,Louis Caray--Counil,,Cecile Fauvelot,https://orcid.org/0000-0003-0806-1222,true,NA,NA,NA,NA,NA,NA,NA,NA,EMOBON_VB_Wa_113
EMO BON VB 211029 Wa 20µm (2),EMOBON metagenome water sample from station VB collected on 2021-10-29 size fraction 20um,https://www.ncbi.nlm.nih.gov/taxonomy/browser/wwwtax.cgi?id=1874687,marine plankton metagenome,metagenome,seawater [ENVO:00002149]; coastal sea water [ENVO:00002150]; surface water [ENVO:00002042],2021-10-29,VB_Wa_211029,Louis Caray--Counil,,no_tide,,0-50,2,,,20,20,NA,false,20µm WP2 net,WaSOP 2,bleach,2021-10-29,-80°C galeriens 1st shelf left,-80,Louis Caray--Counil,,Cecile Fauvelot,https://orcid.org/0000-0003-0806-1222,true,NA,NA,NA,NA,NA,NA,NA,NA,EMOBON_VB_Wa_114
EMO BON VB 211029 Wa 20µm (3),EMOBON metagenome water sample from station VB collected on 2021-10-29 size fraction 20um,https://www.ncbi.nlm.nih.gov/taxonomy/browser/wwwtax.cgi?id=1874687,marine plankton metagenome,metagenome,seawater [ENVO:00002149]; coastal sea water [ENVO:00002150]; surface water [ENVO:00002042],2021-10-29,VB_Wa_211029,Louis Caray--Counil,,no_tide,,0-50,3,,,20,20,NA,false,20µm WP2 net,WaSOP 2,bleach,2021-10-29,-80°C galeriens 1st shelf left,-80,Louis Caray--Counil,,Cecile Fauvelot,https://orcid.org/0000-0003-0806-1222,true,NA,NA,NA,NA,NA,NA,NA,NA,EMOBON_VB_Wa_115
EMO BON VB 211029 Wa 20µm (4),EMOBON metagenome water sample from station VB collected on 2021-10-29 size fraction 20um,https://www.ncbi.nlm.nih.gov/taxonomy/browser/wwwtax.cgi?id=1874687,marine plankton metagenome,metagenome,seawater [ENVO:00002149]; coastal sea water [ENVO:00002150]; surface water [ENVO:00002042],2021-10-29,VB_Wa_211029,Louis Caray--Counil,,no_tide,,0-50,4,,,20,20,NA,false,20µm WP2 net,WaSOP 2,bleach,2021-10-29,-80°C galeriens 1st shelf left,-80,Louis Caray--Counil,,Cecile Fauvelot,https://orcid.org/0000-0003-0806-1222,true,NA,NA,NA,NA,NA,NA,NA,NA,EMOBON_VB_Wa_116
EMO BON VB 211029 Wa 200µm (1),EMOBON metagenome water sample from station VB collected on 2021-10-29 size fraction 200um,https://www.ncbi.nlm.nih.gov/taxonomy/browser/wwwtax.cgi?id=1874687,marine plankton metagenome,metagenome,seawater [ENVO:00002149]; coastal sea water [ENVO:00002150]; surface water [ENVO:00002042],2021-10-29,VB_Wa_211029,Louis Caray--Counil,,no_tide,,0-75,1,,,200,200,NA,false,200µm WP2 net,WaSOP 3,bleach,2021-10-29,-80°C galeriens 1st shelf left,-80,Louis Caray--Counil,,Cecile Fauvelot,https://orcid.org/0000-0003-0806-1222,true,NA,NA,NA,NA,NA,NA,NA,NA,EMOBON_VB_Wa_117
EMO BON VB 211029 Wa 200µm (2),EMOBON metagenome water sample from station VB collected on 2021-10-29 size fraction 200um,https://www.ncbi.nlm.nih.gov/taxonomy/browser/wwwtax.cgi?id=1874687,marine plankton metagenome,metagenome,seawater [ENVO:00002149]; coastal sea water [ENVO:00002150]; surface water [ENVO:00002042],2021-10-29,VB_Wa_211029,Louis Caray--Counil,,no_tide,,0-75,2,,,200,200,NA,false,200µm WP2 net,WaSOP 3,bleach,2021-10-29,-80°C galeriens 1st shelf left,-80,Louis Caray--Counil,,Cecile Fauvelot,https://orcid.org/0000-0003-0806-1222,true,NA,NA,NA,NA,NA,NA,NA,NA,EMOBON_VB_Wa_118
EMO BON VB 211029 Wa 200µm (3),EMOBON metagenome water sample from station VB collected on 2021-10-29 size fraction 200um,https://www.ncbi.nlm.nih.gov/taxonomy/browser/wwwtax.cgi?id=1874687,marine plankton metagenome,metagenome,seawater [ENVO:00002149]; coastal sea water [ENVO:00002150]; surface water [ENVO:00002042],2021-10-29,VB_Wa_211029,Louis Caray--Counil,,no_tide,,0-75,3,,,200,200,NA,false,200µm WP2 net,WaSOP 3,bleach,2021-10-29,-80°C galeriens 1st shelf left,-80,Louis Caray--Counil,,Cecile Fauvelot,https://orcid.org/0000-0003-0806-1222,true,NA,NA,NA,NA,NA,NA,NA,NA,EMOBON_VB_Wa_119
EMO BON VB 211029 Wa 200µm (4),EMOBON metagenome water sample from station VB collected on 2021-10-29 size fraction 200um,https://www.ncbi.nlm.nih.gov/taxonomy/browser/wwwtax.cgi?id=1874687,marine plankton metagenome,metagenome,seawater [ENVO:00002149]; coastal sea water [ENVO:00002150]; surface water [ENVO:00002042],2021-10-29,VB_Wa_211029,Louis Caray--Counil,,no_tide,,0-75,4,,,200,200,NA,false,200µm WP2 net,WaSOP 3,bleach,2021-10-29,-80°C galeriens 1st shelf left,-80,Louis Caray--Counil,,Cecile Fauvelot,https://orcid.org/0000-0003-0806-1222,true,NA,NA,NA,NA,NA,NA,NA,NA,EMOBON_VB_Wa_120
EMO BON VB 211118 Wa 3µm (1),EMOBON metagenome water sample from station VB collected on 2021-11-18 size fraction 3-9999um,https://www.ncbi.nlm.nih.gov/taxonomy/browser/wwwtax.cgi?id=1874687,marine plankton metagenome,metagenome,seawater [ENVO:00002149]; coastal sea water [ENVO:00002150]; surface water [ENVO:00002042],2021-11-18,VB_Wa_211118,Louis Caray--Counil,,no_tide,,1,1,13,1,3-9999,3,200,true,Niskin,WaSOP 1,bleach,2021-11-18,-80°C galeriens 1st shelf left,-80,Louis Caray--Counil,,Cecile Fauvelot,https://orcid.org/0000-0003-0806-1222,true,NA,NA,NA,NA,NA,NA,NA,NA,EMOBON_VB_Wa_121
EMO BON VB 211118 Wa 3µm (2),EMOBON metagenome water sample from station VB collected on 2021-11-18 size fraction 3-9999um,https://www.ncbi.nlm.nih.gov/taxonomy/browser/wwwtax.cgi?id=1874687,marine plankton metagenome,metagenome,seawater [ENVO:00002149]; coastal sea water [ENVO:00002150]; surface water [ENVO:00002042],2021-11-18,VB_Wa_211118,Louis Caray--Counil,,no_tide,,1,2,13,1,3-9999,3,200,true,Niskin,WaSOP 1,bleach,2021-11-18,-80°C galeriens 1st shelf left,-80,Louis Caray--Counil,,Cecile Fauvelot,https://orcid.org/0000-0003-0806-1222,true,NA,NA,NA,NA,NA,NA,NA,NA,EMOBON_VB_Wa_122
EMO BON VB 211118 Wa 0.2µm (1),EMOBON metagenome water sample from station VB collected on 2021-11-18 size fraction 0.2-3um,https://www.ncbi.nlm.nih.gov/taxonomy/browser/wwwtax.cgi?id=1874687,marine plankton metagenome,metagenome,seawater [ENVO:00002149]; coastal sea water [ENVO:00002150]; surface water [ENVO:00002042],2021-11-18,VB_Wa_211118,Louis Caray--Counil,,no_tide,,1,1,13,1,0.2-3,0.2,3,true,Niskin,WaSOP 1,bleach,2021-11-18,-80°C galeriens 1st shelf left,-80,Louis Caray--Counil,,Cecile Fauvelot,https://orcid.org/0000-0003-0806-1222,true,NA,NA,NA,NA,NA,NA,NA,NA,EMOBON_VB_Wa_123
EMO BON VB 211118 Wa 0.2µm (2),EMOBON metagenome water sample from station VB collected on 2021-11-18 size fraction 0.2-3um,https://www.ncbi.nlm.nih.gov/taxonomy/browser/wwwtax.cgi?id=1874687,marine plankton metagenome,metagenome,seawater [ENVO:00002149]; coastal sea water [ENVO:00002150]; surface water [ENVO:00002042],2021-11-18,VB_Wa_211118,Louis Caray--Counil,,no_tide,,1,2,13,1,0.2-3,0.2,3,true,Niskin,WaSOP 1,bleach,2021-11-18,-80°C galeriens 1st shelf left,-80,Louis Caray--Counil,,Cecile Fauvelot,https://orcid.org/0000-0003-0806-1222,true,NA,NA,NA,NA,NA,NA,NA,NA,EMOBON_VB_Wa_124
EMO BON VB 211118 Wa 20µm (1),EMOBON metagenome water sample from station VB collected on 2021-11-18 size fraction 20um,https://www.ncbi.nlm.nih.gov/taxonomy/browser/wwwtax.cgi?id=1874687,marine plankton metagenome,metagenome,seawater [ENVO:00002149]; coastal sea water [ENVO:00002150]; surface water [ENVO:00002042],2021-11-18,VB_Wa_211118,Louis Caray--Counil,,no_tide,,0-50,1,,,20,20,NA,false,20µm WP2 net,WaSOP 2,bleach,2021-11-18,-80°C galeriens 1st shelf left,-80,Louis Caray--Counil,,Cecile Fauvelot,https://orcid.org/0000-0003-0806-1222,true,NA,NA,NA,NA,NA,NA,NA,NA,EMOBON_VB_Wa_125
EMO BON VB 211118 Wa 20µm (2),EMOBON metagenome water sample from station VB collected on 2021-11-18 size fraction 20um,https://www.ncbi.nlm.nih.gov/taxonomy/browser/wwwtax.cgi?id=1874687,marine plankton metagenome,metagenome,seawater [ENVO:00002149]; coastal sea water [ENVO:00002150]; surface water [ENVO:00002042],2021-11-18,VB_Wa_211118,Louis Caray--Counil,,no_tide,,0-50,2,,,20,20,NA,false,20µm WP2 net,WaSOP 2,bleach,2021-11-18,-80°C galeriens 1st shelf left,-80,Louis Caray--Counil,,Cecile Fauvelot,https://orcid.org/0000-0003-0806-1222,true,NA,NA,NA,NA,NA,NA,NA,NA,EMOBON_VB_Wa_126
EMO BON VB 211118 Wa 20µm (3),EMOBON metagenome water sample from station VB collected on 2021-11-18 size fraction 20um,https://www.ncbi.nlm.nih.gov/taxonomy/browser/wwwtax.cgi?id=1874687,marine plankton metagenome,metagenome,seawater [ENVO:00002149]; coastal sea water [ENVO:00002150]; surface water [ENVO:00002042],2021-11-18,VB_Wa_211118,Louis Caray--Counil,,no_tide,,0-50,3,,,20,20,NA,false,20µm WP2 net,WaSOP 2,bleach,2021-11-18,-80°C galeriens 1st shelf left,-80,Louis Caray--Counil,,Cecile Fauvelot,https://orcid.org/0000-0003-0806-1222,true,NA,NA,NA,NA,NA,NA,NA,NA,EMOBON_VB_Wa_127
EMO BON VB 211118 Wa 20µm (4),EMOBON metagenome water sample from station VB collected on 2021-11-18 size fraction 20um,https://www.ncbi.nlm.nih.gov/taxonomy/browser/wwwtax.cgi?id=1874687,marine plankton metagenome,metagenome,seawater [ENVO:00002149]; coastal sea water [ENVO:00002150]; surface water [ENVO:00002042],2021-11-18,VB_Wa_211118,Louis Caray--Counil,,no_tide,,0-50,4,,,20,20,NA,false,20µm WP2 net,WaSOP 2,bleach,2021-11-18,-80°C galeriens 1st shelf left,-80,Louis Caray--Counil,,Cecile Fauvelot,https://orcid.org/0000-0003-0806-1222,true,NA,NA,NA,NA,NA,NA,NA,NA,EMOBON_VB_Wa_128
EMO BON VB 211118 Wa 200µm (1),EMOBON metagenome water sample from station VB collected on 2021-11-18 size fraction 200um,https://www.ncbi.nlm.nih.gov/taxonomy/browser/wwwtax.cgi?id=1874687,marine plankton metagenome,metagenome,seawater [ENVO:00002149]; coastal sea water [ENVO:00002150]; surface water [ENVO:00002042],2021-11-18,VB_Wa_211118,Louis Caray--Counil,,no_tide,,0-75,1,,,200,200,NA,false,200µm WP2 net,WaSOP 3,bleach,2021-11-18,-80°C galeriens 1st shelf left,-80,Louis Caray--Counil,,Cecile Fauvelot,https://orcid.org/0000-0003-0806-1222,true,NA,NA,NA,NA,NA,NA,NA,NA,EMOBON_VB_Wa_129
EMO BON VB 211118 Wa 200µm (2),EMOBON metagenome water sample from station VB collected on 2021-11-18 size fraction 200um,https://www.ncbi.nlm.nih.gov/taxonomy/browser/wwwtax.cgi?id=1874687,marine plankton metagenome,metagenome,seawater [ENVO:00002149]; coastal sea water [ENVO:00002150]; surface water [ENVO:00002042],2021-11-18,VB_Wa_211118,Louis Caray--Counil,,no_tide,,0-75,2,,,200,200,NA,false,200µm WP2 net,WaSOP 3,bleach,2021-11-18,-80°C galeriens 1st shelf left,-80,Louis Caray--Counil,,Cecile Fauvelot,https://orcid.org/0000-0003-0806-1222,true,NA,NA,NA,NA,NA,NA,NA,NA,EMOBON_VB_Wa_130
EMO BON VB 211118 Wa 200µm (3),EMOBON metagenome water sample from station VB collected on 2021-11-18 size fraction 200um,https://www.ncbi.nlm.nih.gov/taxonomy/browser/wwwtax.cgi?id=1874687,marine plankton metagenome,metagenome,seawater [ENVO:00002149]; coastal sea water [ENVO:00002150]; surface water [ENVO:00002042],2021-11-18,VB_Wa_211118,Louis Caray--Counil,,no_tide,,0-75,3,,,200,200,NA,false,200µm WP2 net,WaSOP 3,bleach,2021-11-18,-80°C galeriens 1st shelf left,-80,Louis Caray--Counil,,Cecile Fauvelot,https://orcid.org/0000-0003-0806-1222,true,NA,NA,NA,NA,NA,NA,NA,NA,EMOBON_VB_Wa_131
EMO BON VB 211118 Wa 200µm (4),EMOBON metagenome water sample from station VB collected on 2021-11-18 size fraction 200um,https://www.ncbi.nlm.nih.gov/taxonomy/browser/wwwtax.cgi?id=1874687,marine plankton metagenome,metagenome,seawater [ENVO:00002149]; coastal sea water [ENVO:00002150]; surface water [ENVO:00002042],2021-11-18,VB_Wa_211118,Louis Caray--Counil,,no_tide,,0-75,4,,,200,200,NA,false,200µm WP2 net,WaSOP 3,bleach,2021-11-18,-80°C galeriens 1st shelf left,-80,Louis Caray--Counil,,Cecile Fauvelot,https://orcid.org/0000-0003-0806-1222,true,NA,NA,NA,NA,NA,NA,NA,NA,EMOBON_VB_Wa_132
EMO BON VB 211203 Wa 3µm (1),EMOBON metagenome water sample from station VB collected on 2021-12-03 size fraction 3-9999um,https://www.ncbi.nlm.nih.gov/taxonomy/browser/wwwtax.cgi?id=1874687,marine plankton metagenome,metagenome,seawater [ENVO:00002149]; coastal sea water [ENVO:00002150]; surface water [ENVO:00002042],2021-12-03,VB_Wa_211203,Louis Caray--Counil,,no_tide,,1,1,13,1,3-9999,3,200,true,Niskin,WaSOP 1,bleach,2021-12-03,-80°C galeriens 1st shelf left,-80,Louis Caray--Counil,,Cecile Fauvelot,https://orcid.org/0000-0003-0806-1222,true,NA,NA,NA,NA,NA,NA,NA,NA,EMOBON_VB_Wa_133
EMO BON VB 211203 Wa 3µm (2),EMOBON metagenome water sample from station VB collected on 2021-12-03 size fraction 3-9999um,https://www.ncbi.nlm.nih.gov/taxonomy/browser/wwwtax.cgi?id=1874687,marine plankton metagenome,metagenome,seawater [ENVO:00002149]; coastal sea water [ENVO:00002150]; surface water [ENVO:00002042],2021-12-03,VB_Wa_211203,Louis Caray--Counil,,no_tide,,1,2,13,1,3-9999,3,200,true,Niskin,WaSOP 1,bleach,2021-12-03,-80°C galeriens 1st shelf left,-80,Louis Caray--Counil,,Cecile Fauvelot,https://orcid.org/0000-0003-0806-1222,true,NA,NA,NA,NA,NA,NA,NA,NA,EMOBON_VB_Wa_134
EMO BON VB 211203 Wa 0.2µm (1),EMOBON metagenome water sample from station VB collected on 2021-12-03 size fraction 0.2-3um,https://www.ncbi.nlm.nih.gov/taxonomy/browser/wwwtax.cgi?id=1874687,marine plankton metagenome,metagenome,seawater [ENVO:00002149]; coastal sea water [ENVO:00002150]; surface water [ENVO:00002042],2021-12-03,VB_Wa_211203,Louis Caray--Counil,,no_tide,,1,1,13,1,0.2-3,0.2,3,true,Niskin,WaSOP 1,bleach,2021-12-03,-80°C galeriens 1st shelf left,-80,Louis Caray--Counil,,Cecile Fauvelot,https://orcid.org/0000-0003-0806-1222,true,NA,NA,NA,NA,NA,NA,NA,NA,EMOBON_VB_Wa_135
EMO BON VB 211203 Wa 0.2µm (2),EMOBON metagenome water sample from station VB collected on 2021-12-03 size fraction 0.2-3um,https://www.ncbi.nlm.nih.gov/taxonomy/browser/wwwtax.cgi?id=1874687,marine plankton metagenome,metagenome,seawater [ENVO:00002149]; coastal sea water [ENVO:00002150]; surface water [ENVO:00002042],2021-12-03,VB_Wa_211203,Louis Caray--Counil,,no_tide,,1,2,13,1,0.2-3,0.2,3,true,Niskin,WaSOP 1,bleach,2021-12-03,-80°C galeriens 1st shelf left,-80,Louis Caray--Counil,,Cecile Fauvelot,https://orcid.org/0000-0003-0806-1222,true,NA,NA,NA,NA,NA,NA,NA,NA,EMOBON_VB_Wa_136
EMO BON VB 211217 Wa 3µm (1),EMOBON metagenome water sample from station VB collected on 2021-12-17 size fraction 3-9999um,https://www.ncbi.nlm.nih.gov/taxonomy/browser/wwwtax.cgi?id=1874687,marine plankton metagenome,metagenome,seawater [ENVO:00002149]; coastal sea water [ENVO:00002150]; surface water [ENVO:00002042],2021-12-17,VB_Wa_211217,Louis Caray--Counil,,no_tide,,1,1,13,1,3-9999,3,200,true,Niskin,WaSOP 1,bleach,2021-12-17,-80°C galeriens 1st shelf left,-80,Louis Caray--Counil,,Cecile Fauvelot,https://orcid.org/0000-0003-0806-1222,false,2022-01-17,2022-01-25,-70,2022-02-22,2022-02-23,false,NA,NA,EMOBON_VB_Wa_137
EMO BON VB 211217 Wa 3µm (2),EMOBON metagenome water sample from station VB collected on 2021-12-17 size fraction 3-9999um,https://www.ncbi.nlm.nih.gov/taxonomy/browser/wwwtax.cgi?id=1874687,marine plankton metagenome,metagenome,seawater [ENVO:00002149]; coastal sea water [ENVO:00002150]; surface water [ENVO:00002042],2021-12-17,VB_Wa_211217,Louis Caray--Counil,,no_tide,,1,2,13,1,3-9999,3,200,true,Niskin,WaSOP 1,bleach,2021-12-17,-80°C galeriens 1st shelf left,-80,Louis Caray--Counil,,Cecile Fauvelot,https://orcid.org/0000-0003-0806-1222,false,2022-01-17,2022-01-25,-70,2022-02-22,2022-02-23,false,NA,NA,EMOBON_VB_Wa_138
EMO BON VB 211217 Wa 3µm blank,EMOBON metagenome water sample from station VB collected on 2021-12-17 size fraction 3um,https://www.ncbi.nlm.nih.gov/taxonomy/browser/wwwtax.cgi?id=256318,metagenome,metagenome,seawater [ENVO:00002149]; coastal sea water [ENVO:00002150]; surface water [ENVO:00002042],2021-12-17,VB_Wa_211217,Louis Caray--Counil,,no_tide,,,blank_1,,,3,3,NA,false,,WaSOP 1,bleach,2021-12-17,-80°C galeriens 1st shelf left,,,,,,true,NA,NA,NA,NA,NA,NA,NA,NA,EMOBON_VB_Wa_139
EMO BON VB 211217 Wa 0.2µm (1),EMOBON metagenome water sample from station VB collected on 2021-12-17 size fraction 0.2-3um,https://www.ncbi.nlm.nih.gov/taxonomy/browser/wwwtax.cgi?id=1874687,marine plankton metagenome,metagenome,seawater [ENVO:00002149]; coastal sea water [ENVO:00002150]; surface water [ENVO:00002042],2021-12-17,VB_Wa_211217,Louis Caray--Counil,,no_tide,,1,1,13,1,0.2-3,0.2,3,true,Niskin,WaSOP 1,bleach,2021-12-17,-80°C galeriens 1st shelf left,-80,Louis Caray--Counil,,Cecile Fauvelot,https://orcid.org/0000-0003-0806-1222,false,2022-01-17,2022-01-25,-70,2022-02-22,2022-02-23,false,NA,NA,EMOBON_VB_Wa_140
EMO BON VB 211217 Wa 0.2µm (2),EMOBON metagenome water sample from station VB collected on 2021-12-17 size fraction 0.2-3um,https://www.ncbi.nlm.nih.gov/taxonomy/browser/wwwtax.cgi?id=1874687,marine plankton metagenome,metagenome,seawater [ENVO:00002149]; coastal sea water [ENVO:00002150]; surface water [ENVO:00002042],2021-12-17,VB_Wa_211217,Louis Caray--Counil,,no_tide,,1,2,13,1,0.2-3,0.2,3,true,Niskin,WaSOP 1,bleach,2021-12-17,-80°C galeriens 1st shelf left,-80,Louis Caray--Counil,,Cecile Fauvelot,https://orcid.org/0000-0003-0806-1222,false,2022-01-17,2022-01-25,-70,2022-02-22,2022-02-23,false,NA,NA,EMOBON_VB_Wa_141
EMO BON VB 211217 Wa 0.2µm blank,EMOBON metagenome water sample from station VB collected on 2021-12-17 size fraction 0.2-3um,https://www.ncbi.nlm.nih.gov/taxonomy/browser/wwwtax.cgi?id=256318,metagenome,metagenome,seawater [ENVO:00002149]; coastal sea water [ENVO:00002150]; surface water [ENVO:00002042],2021-12-17,VB_Wa_211217,Louis Caray--Counil,,no_tide,,,blank_1,,,0.2-3,0.2,3,false,,WaSOP 1,bleach,2021-12-17,-80°C galeriens 1st shelf left,,,,,,true,NA,NA,NA,NA,NA,NA,NA,NA,EMOBON_VB_Wa_142
EMO BON VB 211217 Wa 20µm (1),EMOBON metagenome water sample from station VB collected on 2021-12-17 size fraction 20um,https://www.ncbi.nlm.nih.gov/taxonomy/browser/wwwtax.cgi?id=1874687,marine plankton metagenome,metagenome,seawater [ENVO:00002149]; coastal sea water [ENVO:00002150]; surface water [ENVO:00002042],2021-12-17,VB_Wa_211217,Louis Caray--Counil,,no_tide,,0-50,1,,,20,20,NA,false,20µm WP2 net,WaSOP 2,bleach,2021-12-17,-80°C galeriens 1st shelf left,-80,Louis Caray--Counil,,Cecile Fauvelot,https://orcid.org/0000-0003-0806-1222,true,NA,NA,NA,NA,NA,NA,NA,NA,EMOBON_VB_Wa_143
EMO BON VB 211217 Wa 20µm (2),EMOBON metagenome water sample from station VB collected on 2021-12-17 size fraction 20um,https://www.ncbi.nlm.nih.gov/taxonomy/browser/wwwtax.cgi?id=1874687,marine plankton metagenome,metagenome,seawater [ENVO:00002149]; coastal sea water [ENVO:00002150]; surface water [ENVO:00002042],2021-12-17,VB_Wa_211217,Louis Caray--Counil,,no_tide,,0-50,2,,,20,20,NA,false,20µm WP2 net,WaSOP 2,bleach,2021-12-17,-80°C galeriens 1st shelf left,-80,Louis Caray--Counil,,Cecile Fauvelot,https://orcid.org/0000-0003-0806-1222,true,NA,NA,NA,NA,NA,NA,NA,NA,EMOBON_VB_Wa_144
EMO BON VB 211217 Wa 20µm (3),EMOBON metagenome water sample from station VB collected on 2021-12-17 size fraction 20um,https://www.ncbi.nlm.nih.gov/taxonomy/browser/wwwtax.cgi?id=1874687,marine plankton metagenome,metagenome,seawater [ENVO:00002149]; coastal sea water [ENVO:00002150]; surface water [ENVO:00002042],2021-12-17,VB_Wa_211217,Louis Caray--Counil,,no_tide,,0-50,3,,,20,20,NA,false,20µm WP2 net,WaSOP 2,bleach,2021-12-17,-80°C galeriens 1st shelf left,-80,Louis Caray--Counil,,Cecile Fauvelot,https://orcid.org/0000-0003-0806-1222,true,NA,NA,NA,NA,NA,NA,NA,NA,EMOBON_VB_Wa_145
EMO BON VB 211217 Wa 20µm (4),EMOBON metagenome water sample from station VB collected on 2021-12-17 size fraction 20um,https://www.ncbi.nlm.nih.gov/taxonomy/browser/wwwtax.cgi?id=1874687,marine plankton metagenome,metagenome,seawater [ENVO:00002149]; coastal sea water [ENVO:00002150]; surface water [ENVO:00002042],2021-12-17,VB_Wa_211217,Louis Caray--Counil,,no_tide,,0-50,4,,,20,20,NA,false,20µm WP2 net,WaSOP 2,bleach,2021-12-17,-80°C galeriens 1st shelf left,-80,Louis Caray--Counil,,Cecile Fauvelot,https://orcid.org/0000-0003-0806-1222,true,NA,NA,NA,NA,NA,NA,NA,NA,EMOBON_VB_Wa_146
EMO BON VB 211217 Wa 20µm blank,EMOBON metagenome water sample from station VB collected on 2021-12-17 size fraction 20um,https://www.ncbi.nlm.nih.gov/taxonomy/browser/wwwtax.cgi?id=256318,metagenome,metagenome,seawater [ENVO:00002149]; coastal sea water [ENVO:00002150]; surface water [ENVO:00002042],2021-12-17,VB_Wa_211217,Louis Caray--Counil,,no_tide,,,blank_1,,,20,20,NA,false,,WaSOP 2,bleach,2021-12-17,-80°C galeriens 1st shelf left,,,,,,true,NA,NA,NA,NA,NA,NA,NA,NA,EMOBON_VB_Wa_147
EMO BON VB 211217 Wa 200µm (1),EMOBON metagenome water sample from station VB collected on 2021-12-17 size fraction 200um,https://www.ncbi.nlm.nih.gov/taxonomy/browser/wwwtax.cgi?id=1874687,marine plankton metagenome,metagenome,seawater [ENVO:00002149]; coastal sea water [ENVO:00002150]; surface water [ENVO:00002042],2021-12-17,VB_Wa_211217,Louis Caray--Counil,,no_tide,,0-75,1,,,200,200,NA,false,200µm WP2 net,WaSOP 3,bleach,2021-12-17,-80°C galeriens 1st shelf left,-80,Louis Caray--Counil,,Cecile Fauvelot,https://orcid.org/0000-0003-0806-1222,true,NA,NA,NA,NA,NA,NA,NA,NA,EMOBON_VB_Wa_148
EMO BON VB 211217 Wa 200µm (2),EMOBON metagenome water sample from station VB collected on 2021-12-17 size fraction 200um,https://www.ncbi.nlm.nih.gov/taxonomy/browser/wwwtax.cgi?id=1874687,marine plankton metagenome,metagenome,seawater [ENVO:00002149]; coastal sea water [ENVO:00002150]; surface water [ENVO:00002042],2021-12-17,VB_Wa_211217,Louis Caray--Counil,,no_tide,,0-75,2,,,200,200,NA,false,200µm WP2 net,WaSOP 3,bleach,2021-12-17,-80°C galeriens 1st shelf left,-80,Louis Caray--Counil,,Cecile Fauvelot,https://orcid.org/0000-0003-0806-1222,true,NA,NA,NA,NA,NA,NA,NA,NA,EMOBON_VB_Wa_149
EMO BON VB 211217 Wa 200µm (3),EMOBON metagenome water sample from station VB collected on 2021-12-17 size fraction 200um,https://www.ncbi.nlm.nih.gov/taxonomy/browser/wwwtax.cgi?id=1874687,marine plankton metagenome,metagenome,seawater [ENVO:00002149]; coastal sea water [ENVO:00002150]; surface water [ENVO:00002042],2021-12-17,VB_Wa_211217,Louis Caray--Counil,,no_tide,,0-75,3,,,200,200,NA,false,200µm WP2 net,WaSOP 3,bleach,2021-12-17,-80°C galeriens 1st shelf left,-80,Louis Caray--Counil,,Cecile Fauvelot,https://orcid.org/0000-0003-0806-1222,true,NA,NA,NA,NA,NA,NA,NA,NA,EMOBON_VB_Wa_150
EMO BON VB 211217 Wa 200µm (4),EMOBON metagenome water sample from station VB collected on 2021-12-17 size fraction 200um,https://www.ncbi.nlm.nih.gov/taxonomy/browser/wwwtax.cgi?id=1874687,marine plankton metagenome,metagenome,seawater [ENVO:00002149]; coastal sea water [ENVO:00002150]; surface water [ENVO:00002042],2021-12-17,VB_Wa_211217,Louis Caray--Counil,,no_tide,,0-75,4,,,200,200,NA,false,200µm WP2 net,WaSOP 3,bleach,2021-12-17,-80°C galeriens 1st shelf left,-80,Louis Caray--Counil,,Cecile Fauvelot,https://orcid.org/0000-0003-0806-1222,true,NA,NA,NA,NA,NA,NA,NA,NA,EMOBON_VB_Wa_151
EMO BON VB 211217 Wa 200µm blank,EMOBON metagenome water sample from station VB collected on 2021-12-17 size fraction 200um,https://www.ncbi.nlm.nih.gov/taxonomy/browser/wwwtax.cgi?id=256318,metagenome,metagenome,seawater [ENVO:00002149]; coastal sea water [ENVO:00002150]; surface water [ENVO:00002042],2021-12-17,VB_Wa_211217,Louis Caray--Counil,,no_tide,,,blank_1,,,200,200,NA,false,,WaSOP 3,bleach,2021-12-17,-80°C galeriens 1st shelf left,,,,,,true,NA,NA,NA,NA,NA,NA,NA,NA,EMOBON_VB_Wa_152
à vérifier si les filets sont présents,,https://www.ncbi.nlm.nih.gov/taxonomy/browser/wwwtax.cgi?id=256318,metagenome,metagenome,,,,,,,,,,,,,,,,,,,,,,,,,,,,,,,,,,,EMOBON_VB_Wa_765
à vérifier si les filets sont présents,,https://www.ncbi.nlm.nih.gov/taxonomy/browser/wwwtax.cgi?id=256318,metagenome,metagenome,,,,,,,,,,,,,,,,,,,,,,,,,,,,,,,,,,,EMOBON_VB_Wa_776
