source_mat_id,chlorophyll,chlorophyll_method,sea_surf_temp,sea_surf_temp_method,sea_subsurf_temp,sea_subsurf_temp_method,sea_surf_salinity,sea_surf_salinity_method,sea_subsurf_salinity,sea_subsurf_salinity_method,alkalinity,alkalinity_method,ammonium,ammonium_method,bac_prod,bac_prod_method,biomass,biomass_method,chem_administration,conduc,conduc_method,density,density_method,diss_carb_dioxide,diss_carb_dioxide_method,diss_inorg_carb,diss_inorg_carb_method,diss_org_carb,diss_org_carb_method,diss_org_nitro,diss_org_nitro_method,down_par,down_par_method,diss_oxygen,diss_oxygen_method,n_alkanes,n_alkanes_method,nitrate,nitrate_method,nitrite,nitrite_method,organism_count,organism_count_method,ph,ph_method,part_org_carb,part_org_carb_method,part_org_nitro,part_org_nitro_method,petroleum_hydrocarb,petroleum_hydrocarb_method,phaeopigments,phaeopigments_method,phosphate,phosphate_method,pigments,pigments_method,pressure,pressure_method,primary_prod,primary_prod_method,silicate,silicate_method,sulfate,sulfate_method,sulfide,sulfide_method,turbidity,turbidity_method,water_current,water_current_method
EMOBON_VB_Wa_1,,,24.1153,CTD,23.1513,,36.9824,,,,,,,,,,,,,,,,,,,,,,,,,,,,,,,,,,,,,,,,,,,,,,,,,,,,,,,,,,,,,,,,
EMOBON_VB_Wa_2,,,24.1153,CTD,23.1513,CTD,36.9824,CTD,,,,,,,,,,,,,,,,,,,,,,,,,,,,,,,,,,,,,,,,,,,,,,,,,,,,,,,,,,,,,,,
EMOBON_VB_Wa_3,,,24.1153,CTD,23.1513,CTD,36.9824,CTD,,,,,,,,,,,,,,,,,,,,,,,,,,,,,,,,,,,,,,,,,,,,,,,,,,,,,,,,,,,,,,,
EMOBON_VB_Wa_4,,,24.1153,CTD,23.1513,CTD,36.9824,CTD,,,,,,,,,,,,,,,,,,,,,,,,,,,,,,,,,,,,,,,,,,,,,,,,,,,,,,,,,,,,,,,
EMOBON_VB_Wa_5,,,24.1153,CTD,23.1513,CTD,36.9824,CTD,,,,,,,,,,,,,,,,,,,,,,,,,,,,,,,,,,,,,,,,,,,,,,,,,,,,,,,,,,,,,,,
EMOBON_VB_Wa_6,,,24.1153,CTD,23.1513,CTD,36.9824,CTD,,,,,,,,,,,,,,,,,,,,,,,,,,,,,,,,,,,,,,,,,,,,,,,,,,,,,,,,,,,,,,,
EMOBON_VB_Wa_7,,,24.1153,CTD,23.1513,CTD,36.9824,CTD,,,,,,,,,,,,,,,,,,,,,,,,,,,,,,,,,,,,,,,,,,,,,,,,,,,,,,,,,,,,,,,
EMOBON_VB_Wa_8,,,24.1153,CTD,23.1513,CTD,36.9824,CTD,,,,,,,,,,,,,,,,,,,,,,,,,,,,,,,,,,,,,,,,,,,,,,,,,,,,,,,,,,,,,,,
EMOBON_VB_Wa_9,,,24.1153,CTD,23.1513,CTD,36.9824,CTD,,,,,,,,,,,,,,,,,,,,,,,,,,,,,,,,,,,,,,,,,,,,,,,,,,,,,,,,,,,,,,,
EMOBON_VB_Wa_10,,,24.1153,CTD,23.1513,CTD,36.9824,CTD,,,,,,,,,,,,,,,,,,,,,,,,,,,,,,,,,,,,,,,,,,,,,,,,,,,,,,,,,,,,,,,
EMOBON_VB_Wa_11,,,24.1153,CTD,23.1513,CTD,36.9824,CTD,,,,,,,,,,,,,,,,,,,,,,,,,,,,,,,,,,,,,,,,,,,,,,,,,,,,,,,,,,,,,,,
EMOBON_VB_Wa_12,,,24.1153,CTD,23.1513,CTD,36.9824,CTD,,,,,,,,,,,,,,,,,,,,,,,,,,,,,,,,,,,,,,,,,,,,,,,,,,,,,,,,,,,,,,,
EMOBON_VB_Wa_13,,,24.1153,CTD,23.1513,CTD,36.9824,CTD,,,,,,,,,,,,,,,,,,,,,,,,,,,,,,,,,,,,,,,,,,,,,,,,,,,,,,,,,,,,,,,
EMOBON_VB_Wa_14,,,24.1153,CTD,23.1513,CTD,36.9824,CTD,,,,,,,,,,,,,,,,,,,,,,,,,,,,,,,,,,,,,,,,,,,,,,,,,,,,,,,,,,,,,,,
EMOBON_VB_Wa_15,,,24.1153,CTD,23.1513,CTD,36.9824,CTD,,,,,,,,,,,,,,,,,,,,,,,,,,,,,,,,,,,,,,,,,,,,,,,,,,,,,,,,,,,,,,,
EMOBON_VB_Wa_16,,,24.1153,CTD,23.1513,CTD,36.9824,CTD,,,,,,,,,,,,,,,,,,,,,,,,,,,,,,,,,,,,,,,,,,,,,,,,,,,,,,,,,,,,,,,
EMOBON_VB_Wa_17,,,,CTD,,CTD,,CTD,,,,,,,,,,,,,,,,,,,,,,,,,,,,,,,,,,,,,,,,,,,,,,,,,,,,,,,,,,,,,,,
EMOBON_VB_Wa_18,,,,CTD,,CTD,,CTD,,,,,,,,,,,,,,,,,,,,,,,,,,,,,,,,,,,,,,,,,,,,,,,,,,,,,,,,,,,,,,,
EMOBON_VB_Wa_19,,,,CTD,,CTD,,CTD,,,,,,,,,,,,,,,,,,,,,,,,,,,,,,,,,,,,,,,,,,,,,,,,,,,,,,,,,,,,,,,
EMOBON_VB_Wa_20,,,,CTD,,CTD,,CTD,,,,,,,,,,,,,,,,,,,,,,,,,,,,,,,,,,,,,,,,,,,,,,,,,,,,,,,,,,,,,,,
EMOBON_VB_Wa_21,,,,CTD,,CTD,,CTD,,,,,,,,,,,,,,,,,,,,,,,,,,,,,,,,,,,,,,,,,,,,,,,,,,,,,,,,,,,,,,,
EMOBON_VB_Wa_22,,,,CTD,,CTD,,CTD,,,,,,,,,,,,,,,,,,,,,,,,,,,,,,,,,,,,,,,,,,,,,,,,,,,,,,,,,,,,,,,
EMOBON_VB_Wa_23,,,,CTD,,CTD,,CTD,,,,,,,,,,,,,,,,,,,,,,,,,,,,,,,,,,,,,,,,,,,,,,,,,,,,,,,,,,,,,,,
EMOBON_VB_Wa_24,,,,CTD,,CTD,,CTD,,,,,,,,,,,,,,,,,,,,,,,,,,,,,,,,,,,,,,,,,,,,,,,,,,,,,,,,,,,,,,,
EMOBON_VB_Wa_25,,,,CTD,,CTD,,CTD,,,,,,,,,,,,,,,,,,,,,,,,,,,,,,,,,,,,,,,,,,,,,,,,,,,,,,,,,,,,,,,
EMOBON_VB_Wa_26,,,,CTD,,CTD,,CTD,,,,,,,,,,,,,,,,,,,,,,,,,,,,,,,,,,,,,,,,,,,,,,,,,,,,,,,,,,,,,,,
EMOBON_VB_Wa_27,,,,CTD,,CTD,,CTD,,,,,,,,,,,,,,,,,,,,,,,,,,,,,,,,,,,,,,,,,,,,,,,,,,,,,,,,,,,,,,,
EMOBON_VB_Wa_28,,,,CTD,,CTD,,CTD,,,,,,,,,,,,,,,,,,,,,,,,,,,,,,,,,,,,,,,,,,,,,,,,,,,,,,,,,,,,,,,
EMOBON_VB_Wa_29,,,,CTD,,CTD,,CTD,,,,,,,,,,,,,,,,,,,,,,,,,,,,,,,,,,,,,,,,,,,,,,,,,,,,,,,,,,,,,,,
EMOBON_VB_Wa_30,,,,CTD,,CTD,,CTD,,,,,,,,,,,,,,,,,,,,,,,,,,,,,,,,,,,,,,,,,,,,,,,,,,,,,,,,,,,,,,,
EMOBON_VB_Wa_31,,,,CTD,,CTD,,CTD,,,,,,,,,,,,,,,,,,,,,,,,,,,,,,,,,,,,,,,,,,,,,,,,,,,,,,,,,,,,,,,
EMOBON_VB_Wa_32,,,,CTD,,CTD,,CTD,,,,,,,,,,,,,,,,,,,,,,,,,,,,,,,,,,,,,,,,,,,,,,,,,,,,,,,,,,,,,,,
EMOBON_VB_Wa_33,,,,CTD,,CTD,,CTD,,,,,,,,,,,,,,,,,,,,,,,,,,,,,,,,,,,,,,,,,,,,,,,,,,,,,,,,,,,,,,,
EMOBON_VB_Wa_34,,,,CTD,,CTD,,CTD,,,,,,,,,,,,,,,,,,,,,,,,,,,,,,,,,,,,,,,,,,,,,,,,,,,,,,,,,,,,,,,
EMOBON_VB_Wa_35,,,,CTD,,CTD,,CTD,,,,,,,,,,,,,,,,,,,,,,,,,,,,,,,,,,,,,,,,,,,,,,,,,,,,,,,,,,,,,,,
EMOBON_VB_Wa_36,,,,CTD,,CTD,,CTD,,,,,,,,,,,,,,,,,,,,,,,,,,,,,,,,,,,,,,,,,,,,,,,,,,,,,,,,,,,,,,,
EMOBON_VB_Wa_37,,,,CTD,,CTD,,CTD,,,,,,,,,,,,,,,,,,,,,,,,,,,,,,,,,,,,,,,,,,,,,,,,,,,,,,,,,,,,,,,
EMOBON_VB_Wa_38,,,,CTD,,CTD,,CTD,,,,,,,,,,,,,,,,,,,,,,,,,,,,,,,,,,,,,,,,,,,,,,,,,,,,,,,,,,,,,,,
EMOBON_VB_Wa_39,,,,CTD,,CTD,,CTD,,,,,,,,,,,,,,,,,,,,,,,,,,,,,,,,,,,,,,,,,,,,,,,,,,,,,,,,,,,,,,,
EMOBON_VB_Wa_40,,,,CTD,,CTD,,CTD,,,,,,,,,,,,,,,,,,,,,,,,,,,,,,,,,,,,,,,,,,,,,,,,,,,,,,,,,,,,,,,
EMOBON_VB_Wa_41,,,24.1717,CTD,23.9758,CTD,38.1947,CTD,,,,,,,,,,,,,,,,,,,,,,,,,,,,,,,,,,,,,,,,,,,,,,,,,,,,,,,,,,,,,,,
EMOBON_VB_Wa_42,,,24.1717,CTD,23.9758,CTD,38.1947,CTD,,,,,,,,,,,,,,,,,,,,,,,,,,,,,,,,,,,,,,,,,,,,,,,,,,,,,,,,,,,,,,,
EMOBON_VB_Wa_43,,,24.1717,CTD,23.9758,CTD,38.1947,CTD,,,,,,,,,,,,,,,,,,,,,,,,,,,,,,,,,,,,,,,,,,,,,,,,,,,,,,,,,,,,,,,
EMOBON_VB_Wa_44,,,24.1717,CTD,23.9758,CTD,38.1947,CTD,,,,,,,,,,,,,,,,,,,,,,,,,,,,,,,,,,,,,,,,,,,,,,,,,,,,,,,,,,,,,,,
EMOBON_VB_Wa_45,,,24.1717,CTD,23.9758,CTD,38.1947,CTD,,,,,,,,,,,,,,,,,,,,,,,,,,,,,,,,,,,,,,,,,,,,,,,,,,,,,,,,,,,,,,,
EMOBON_VB_Wa_46,,,24.1717,CTD,23.9758,CTD,38.1947,CTD,,,,,,,,,,,,,,,,,,,,,,,,,,,,,,,,,,,,,,,,,,,,,,,,,,,,,,,,,,,,,,,
EMOBON_VB_Wa_47,,,24.1717,CTD,23.9758,CTD,38.1947,CTD,,,,,,,,,,,,,,,,,,,,,,,,,,,,,,,,,,,,,,,,,,,,,,,,,,,,,,,,,,,,,,,
EMOBON_VB_Wa_48,,,24.1717,CTD,23.9758,CTD,38.1947,CTD,,,,,,,,,,,,,,,,,,,,,,,,,,,,,,,,,,,,,,,,,,,,,,,,,,,,,,,,,,,,,,,
EMOBON_VB_Wa_49,,,24.1717,CTD,23.9758,CTD,38.1947,CTD,,,,,,,,,,,,,,,,,,,,,,,,,,,,,,,,,,,,,,,,,,,,,,,,,,,,,,,,,,,,,,,
EMOBON_VB_Wa_50,,,24.1717,CTD,23.9758,CTD,38.1947,CTD,,,,,,,,,,,,,,,,,,,,,,,,,,,,,,,,,,,,,,,,,,,,,,,,,,,,,,,,,,,,,,,
EMOBON_VB_Wa_51,,,24.1717,CTD,23.9758,CTD,38.1947,CTD,,,,,,,,,,,,,,,,,,,,,,,,,,,,,,,,,,,,,,,,,,,,,,,,,,,,,,,,,,,,,,,
EMOBON_VB_Wa_52,,,24.1717,CTD,23.9758,CTD,38.1947,CTD,,,,,,,,,,,,,,,,,,,,,,,,,,,,,,,,,,,,,,,,,,,,,,,,,,,,,,,,,,,,,,,
EMOBON_VB_Wa_53,,,,CTD,,CTD,,CTD,,,,,,,,,,,,,,,,,,,,,,,,,,,,,,,,,,,,,,,,,,,,,,,,,,,,,,,,,,,,,,,
EMOBON_VB_Wa_54,,,,CTD,,CTD,,CTD,,,,,,,,,,,,,,,,,,,,,,,,,,,,,,,,,,,,,,,,,,,,,,,,,,,,,,,,,,,,,,,
EMOBON_VB_Wa_55,,,,CTD,,CTD,,CTD,,,,,,,,,,,,,,,,,,,,,,,,,,,,,,,,,,,,,,,,,,,,,,,,,,,,,,,,,,,,,,,
EMOBON_VB_Wa_56,,,,CTD,,CTD,,CTD,,,,,,,,,,,,,,,,,,,,,,,,,,,,,,,,,,,,,,,,,,,,,,,,,,,,,,,,,,,,,,,
EMOBON_VB_Wa_57,,,,CTD,,CTD,,CTD,,,,,,,,,,,,,,,,,,,,,,,,,,,,,,,,,,,,,,,,,,,,,,,,,,,,,,,,,,,,,,,
EMOBON_VB_Wa_58,,,,CTD,,CTD,,CTD,,,,,,,,,,,,,,,,,,,,,,,,,,,,,,,,,,,,,,,,,,,,,,,,,,,,,,,,,,,,,,,
EMOBON_VB_Wa_59,,,,CTD,,CTD,,CTD,,,,,,,,,,,,,,,,,,,,,,,,,,,,,,,,,,,,,,,,,,,,,,,,,,,,,,,,,,,,,,,
EMOBON_VB_Wa_60,,,,CTD,,CTD,,CTD,,,,,,,,,,,,,,,,,,,,,,,,,,,,,,,,,,,,,,,,,,,,,,,,,,,,,,,,,,,,,,,
EMOBON_VB_Wa_61,,,,CTD,,CTD,,CTD,,,,,,,,,,,,,,,,,,,,,,,,,,,,,,,,,,,,,,,,,,,,,,,,,,,,,,,,,,,,,,,
EMOBON_VB_Wa_62,,,,CTD,,CTD,,CTD,,,,,,,,,,,,,,,,,,,,,,,,,,,,,,,,,,,,,,,,,,,,,,,,,,,,,,,,,,,,,,,
EMOBON_VB_Wa_63,,,,CTD,,CTD,,CTD,,,,,,,,,,,,,,,,,,,,,,,,,,,,,,,,,,,,,,,,,,,,,,,,,,,,,,,,,,,,,,,
EMOBON_VB_Wa_64,,,,CTD,,CTD,,CTD,,,,,,,,,,,,,,,,,,,,,,,,,,,,,,,,,,,,,,,,,,,,,,,,,,,,,,,,,,,,,,,
EMOBON_VB_Wa_65,,,,CTD,,CTD,,CTD,,,,,,,,,,,,,,,,,,,,,,,,,,,,,,,,,,,,,,,,,,,,,,,,,,,,,,,,,,,,,,,
EMOBON_VB_Wa_66,,,,CTD,,CTD,,CTD,,,,,,,,,,,,,,,,,,,,,,,,,,,,,,,,,,,,,,,,,,,,,,,,,,,,,,,,,,,,,,,
EMOBON_VB_Wa_67,,,,CTD,,CTD,,CTD,,,,,,,,,,,,,,,,,,,,,,,,,,,,,,,,,,,,,,,,,,,,,,,,,,,,,,,,,,,,,,,
EMOBON_VB_Wa_68,,,,CTD,,CTD,,CTD,,,,,,,,,,,,,,,,,,,,,,,,,,,,,,,,,,,,,,,,,,,,,,,,,,,,,,,,,,,,,,,
EMOBON_VB_Wa_69,,,,CTD,,CTD,,CTD,,,,,,,,,,,,,,,,,,,,,,,,,,,,,,,,,,,,,,,,,,,,,,,,,,,,,,,,,,,,,,,
EMOBON_VB_Wa_70,,,,CTD,,CTD,,CTD,,,,,,,,,,,,,,,,,,,,,,,,,,,,,,,,,,,,,,,,,,,,,,,,,,,,,,,,,,,,,,,
EMOBON_VB_Wa_71,,,,CTD,,CTD,,CTD,,,,,,,,,,,,,,,,,,,,,,,,,,,,,,,,,,,,,,,,,,,,,,,,,,,,,,,,,,,,,,,
EMOBON_VB_Wa_72,,,,CTD,,CTD,,CTD,,,,,,,,,,,,,,,,,,,,,,,,,,,,,,,,,,,,,,,,,,,,,,,,,,,,,,,,,,,,,,,
EMOBON_VB_Wa_73,,,,CTD,,CTD,,CTD,,,,,,,,,,,,,,,,,,,,,,,,,,,,,,,,,,,,,,,,,,,,,,,,,,,,,,,,,,,,,,,
EMOBON_VB_Wa_74,,,,CTD,,CTD,,CTD,,,,,,,,,,,,,,,,,,,,,,,,,,,,,,,,,,,,,,,,,,,,,,,,,,,,,,,,,,,,,,,
EMOBON_VB_Wa_75,,,,CTD,,CTD,,CTD,,,,,,,,,,,,,,,,,,,,,,,,,,,,,,,,,,,,,,,,,,,,,,,,,,,,,,,,,,,,,,,
EMOBON_VB_Wa_76,,,,CTD,,CTD,,CTD,,,,,,,,,,,,,,,,,,,,,,,,,,,,,,,,,,,,,,,,,,,,,,,,,,,,,,,,,,,,,,,
EMOBON_VB_Wa_77,,,,CTD,,CTD,,CTD,,,,,,,,,,,,,,,,,,,,,,,,,,,,,,,,,,,,,,,,,,,,,,,,,,,,,,,,,,,,,,,
EMOBON_VB_Wa_78,,,,CTD,,CTD,,CTD,,,,,,,,,,,,,,,,,,,,,,,,,,,,,,,,,,,,,,,,,,,,,,,,,,,,,,,,,,,,,,,
EMOBON_VB_Wa_79,,,,CTD,,CTD,,CTD,,,,,,,,,,,,,,,,,,,,,,,,,,,,,,,,,,,,,,,,,,,,,,,,,,,,,,,,,,,,,,,
EMOBON_VB_Wa_80,,,,CTD,,CTD,,CTD,,,,,,,,,,,,,,,,,,,,,,,,,,,,,,,,,,,,,,,,,,,,,,,,,,,,,,,,,,,,,,,
EMOBON_VB_Wa_81,,,,CTD,,CTD,,CTD,,,,,,,,,,,,,,,,,,,,,,,,,,,,,,,,,,,,,,,,,,,,,,,,,,,,,,,,,,,,,,,
EMOBON_VB_Wa_82,,,,CTD,,CTD,,CTD,,,,,,,,,,,,,,,,,,,,,,,,,,,,,,,,,,,,,,,,,,,,,,,,,,,,,,,,,,,,,,,
EMOBON_VB_Wa_83,,,,CTD,,CTD,,CTD,,,,,,,,,,,,,,,,,,,,,,,,,,,,,,,,,,,,,,,,,,,,,,,,,,,,,,,,,,,,,,,
EMOBON_VB_Wa_84,,,,CTD,,CTD,,CTD,,,,,,,,,,,,,,,,,,,,,,,,,,,,,,,,,,,,,,,,,,,,,,,,,,,,,,,,,,,,,,,
EMOBON_VB_Wa_85,,,,CTD,,CTD,,CTD,,,,,,,,,,,,,,,,,,,,,,,,,,,,,,,,,,,,,,,,,,,,,,,,,,,,,,,,,,,,,,,
EMOBON_VB_Wa_86,,,,CTD,,CTD,,CTD,,,,,,,,,,,,,,,,,,,,,,,,,,,,,,,,,,,,,,,,,,,,,,,,,,,,,,,,,,,,,,,
EMOBON_VB_Wa_87,,,,CTD,,CTD,,CTD,,,,,,,,,,,,,,,,,,,,,,,,,,,,,,,,,,,,,,,,,,,,,,,,,,,,,,,,,,,,,,,
EMOBON_VB_Wa_88,,,,CTD,,CTD,,CTD,,,,,,,,,,,,,,,,,,,,,,,,,,,,,,,,,,,,,,,,,,,,,,,,,,,,,,,,,,,,,,,
EMOBON_VB_Wa_89,,,,CTD,,CTD,,CTD,,,,,,,,,,,,,,,,,,,,,,,,,,,,,,,,,,,,,,,,,,,,,,,,,,,,,,,,,,,,,,,
EMOBON_VB_Wa_90,,,,CTD,,CTD,,CTD,,,,,,,,,,,,,,,,,,,,,,,,,,,,,,,,,,,,,,,,,,,,,,,,,,,,,,,,,,,,,,,
EMOBON_VB_Wa_91,,,,CTD,,CTD,,CTD,,,,,,,,,,,,,,,,,,,,,,,,,,,,,,,,,,,,,,,,,,,,,,,,,,,,,,,,,,,,,,,
EMOBON_VB_Wa_92,,,,CTD,,CTD,,CTD,,,,,,,,,,,,,,,,,,,,,,,,,,,,,,,,,,,,,,,,,,,,,,,,,,,,,,,,,,,,,,,
EMOBON_VB_Wa_93,,,20.8181,CTD,20.8259,CTD,38.1665,CTD,,,,,,,,,,,,,,,,,,,,,,,,,,,,,,,,,,,,,,,,,,,,,,,,,,,,,,,,,,,,,,,
EMOBON_VB_Wa_94,,,20.8181,CTD,20.8259,CTD,38.1665,CTD,,,,,,,,,,,,,,,,,,,,,,,,,,,,,,,,,,,,,,,,,,,,,,,,,,,,,,,,,,,,,,,
EMOBON_VB_Wa_95,,,20.8181,CTD,20.8259,CTD,38.1665,CTD,,,,,,,,,,,,,,,,,,,,,,,,,,,,,,,,,,,,,,,,,,,,,,,,,,,,,,,,,,,,,,,
EMOBON_VB_Wa_96,,,20.8181,CTD,20.8259,CTD,38.1665,CTD,,,,,,,,,,,,,,,,,,,,,,,,,,,,,,,,,,,,,,,,,,,,,,,,,,,,,,,,,,,,,,,
EMOBON_VB_Wa_97,,,20.8181,CTD,20.8259,CTD,38.1665,CTD,,,,,,,,,,,,,,,,,,,,,,,,,,,,,,,,,,,,,,,,,,,,,,,,,,,,,,,,,,,,,,,
EMOBON_VB_Wa_98,,,20.8181,CTD,20.8259,CTD,38.1665,CTD,,,,,,,,,,,,,,,,,,,,,,,,,,,,,,,,,,,,,,,,,,,,,,,,,,,,,,,,,,,,,,,
EMOBON_VB_Wa_99,,,20.8181,CTD,20.8259,CTD,38.1665,CTD,,,,,,,,,,,,,,,,,,,,,,,,,,,,,,,,,,,,,,,,,,,,,,,,,,,,,,,,,,,,,,,
EMOBON_VB_Wa_100,,,20.8181,CTD,20.8259,CTD,38.1665,CTD,,,,,,,,,,,,,,,,,,,,,,,,,,,,,,,,,,,,,,,,,,,,,,,,,,,,,,,,,,,,,,,
EMOBON_VB_Wa_101,,,20.8181,CTD,20.8259,CTD,38.1665,CTD,,,,,,,,,,,,,,,,,,,,,,,,,,,,,,,,,,,,,,,,,,,,,,,,,,,,,,,,,,,,,,,
EMOBON_VB_Wa_102,,,20.8181,CTD,20.8259,CTD,38.1665,CTD,,,,,,,,,,,,,,,,,,,,,,,,,,,,,,,,,,,,,,,,,,,,,,,,,,,,,,,,,,,,,,,
EMOBON_VB_Wa_103,,,20.8181,CTD,20.8259,CTD,38.1665,CTD,,,,,,,,,,,,,,,,,,,,,,,,,,,,,,,,,,,,,,,,,,,,,,,,,,,,,,,,,,,,,,,
EMOBON_VB_Wa_104,,,20.8181,CTD,20.8259,CTD,38.1665,CTD,,,,,,,,,,,,,,,,,,,,,,,,,,,,,,,,,,,,,,,,,,,,,,,,,,,,,,,,,,,,,,,
EMOBON_VB_Wa_105,,,20.8181,CTD,20.8259,CTD,38.1665,CTD,,,,,,,,,,,,,,,,,,,,,,,,,,,,,,,,,,,,,,,,,,,,,,,,,,,,,,,,,,,,,,,
EMOBON_VB_Wa_106,,,20.8181,CTD,20.8259,CTD,38.1665,CTD,,,,,,,,,,,,,,,,,,,,,,,,,,,,,,,,,,,,,,,,,,,,,,,,,,,,,,,,,,,,,,,
EMOBON_VB_Wa_107,,,20.8181,CTD,20.8259,CTD,38.1665,CTD,,,,,,,,,,,,,,,,,,,,,,,,,,,,,,,,,,,,,,,,,,,,,,,,,,,,,,,,,,,,,,,
EMOBON_VB_Wa_108,,,20.8181,CTD,20.8259,CTD,38.1665,CTD,,,,,,,,,,,,,,,,,,,,,,,,,,,,,,,,,,,,,,,,,,,,,,,,,,,,,,,,,,,,,,,
EMOBON_VB_Wa_109,,,,CTD,,CTD,,CTD,,,,,,,,,,,,,,,,,,,,,,,,,,,,,,,,,,,,,,,,,,,,,,,,,,,,,,,,,,,,,,,
EMOBON_VB_Wa_110,,,,CTD,,CTD,,CTD,,,,,,,,,,,,,,,,,,,,,,,,,,,,,,,,,,,,,,,,,,,,,,,,,,,,,,,,,,,,,,,
EMOBON_VB_Wa_111,,,,CTD,,CTD,,CTD,,,,,,,,,,,,,,,,,,,,,,,,,,,,,,,,,,,,,,,,,,,,,,,,,,,,,,,,,,,,,,,
EMOBON_VB_Wa_112,,,,CTD,,CTD,,CTD,,,,,,,,,,,,,,,,,,,,,,,,,,,,,,,,,,,,,,,,,,,,,,,,,,,,,,,,,,,,,,,
EMOBON_VB_Wa_113,,,,CTD,,CTD,,CTD,,,,,,,,,,,,,,,,,,,,,,,,,,,,,,,,,,,,,,,,,,,,,,,,,,,,,,,,,,,,,,,
EMOBON_VB_Wa_114,,,,CTD,,CTD,,CTD,,,,,,,,,,,,,,,,,,,,,,,,,,,,,,,,,,,,,,,,,,,,,,,,,,,,,,,,,,,,,,,
EMOBON_VB_Wa_115,,,,CTD,,CTD,,CTD,,,,,,,,,,,,,,,,,,,,,,,,,,,,,,,,,,,,,,,,,,,,,,,,,,,,,,,,,,,,,,,
EMOBON_VB_Wa_116,,,,CTD,,CTD,,CTD,,,,,,,,,,,,,,,,,,,,,,,,,,,,,,,,,,,,,,,,,,,,,,,,,,,,,,,,,,,,,,,
EMOBON_VB_Wa_117,,,,CTD,,CTD,,CTD,,,,,,,,,,,,,,,,,,,,,,,,,,,,,,,,,,,,,,,,,,,,,,,,,,,,,,,,,,,,,,,
EMOBON_VB_Wa_118,,,,CTD,,CTD,,CTD,,,,,,,,,,,,,,,,,,,,,,,,,,,,,,,,,,,,,,,,,,,,,,,,,,,,,,,,,,,,,,,
EMOBON_VB_Wa_119,,,,CTD,,CTD,,CTD,,,,,,,,,,,,,,,,,,,,,,,,,,,,,,,,,,,,,,,,,,,,,,,,,,,,,,,,,,,,,,,
EMOBON_VB_Wa_120,,,,CTD,,CTD,,CTD,,,,,,,,,,,,,,,,,,,,,,,,,,,,,,,,,,,,,,,,,,,,,,,,,,,,,,,,,,,,,,,
EMOBON_VB_Wa_121,,,,CTD,,CTD,,CTD,,,,,,,,,,,,,,,,,,,,,,,,,,,,,,,,,,,,,,,,,,,,,,,,,,,,,,,,,,,,,,,
EMOBON_VB_Wa_122,,,,CTD,,CTD,,CTD,,,,,,,,,,,,,,,,,,,,,,,,,,,,,,,,,,,,,,,,,,,,,,,,,,,,,,,,,,,,,,,
EMOBON_VB_Wa_123,,,,CTD,,CTD,,CTD,,,,,,,,,,,,,,,,,,,,,,,,,,,,,,,,,,,,,,,,,,,,,,,,,,,,,,,,,,,,,,,
EMOBON_VB_Wa_124,,,,CTD,,CTD,,CTD,,,,,,,,,,,,,,,,,,,,,,,,,,,,,,,,,,,,,,,,,,,,,,,,,,,,,,,,,,,,,,,
EMOBON_VB_Wa_125,,,,CTD,,CTD,,CTD,,,,,,,,,,,,,,,,,,,,,,,,,,,,,,,,,,,,,,,,,,,,,,,,,,,,,,,,,,,,,,,
EMOBON_VB_Wa_126,,,,CTD,,CTD,,CTD,,,,,,,,,,,,,,,,,,,,,,,,,,,,,,,,,,,,,,,,,,,,,,,,,,,,,,,,,,,,,,,
EMOBON_VB_Wa_127,,,,CTD,,CTD,,CTD,,,,,,,,,,,,,,,,,,,,,,,,,,,,,,,,,,,,,,,,,,,,,,,,,,,,,,,,,,,,,,,
EMOBON_VB_Wa_128,,,,CTD,,CTD,,CTD,,,,,,,,,,,,,,,,,,,,,,,,,,,,,,,,,,,,,,,,,,,,,,,,,,,,,,,,,,,,,,,
EMOBON_VB_Wa_129,,,,CTD,,CTD,,CTD,,,,,,,,,,,,,,,,,,,,,,,,,,,,,,,,,,,,,,,,,,,,,,,,,,,,,,,,,,,,,,,
EMOBON_VB_Wa_130,,,,CTD,,CTD,,CTD,,,,,,,,,,,,,,,,,,,,,,,,,,,,,,,,,,,,,,,,,,,,,,,,,,,,,,,,,,,,,,,
EMOBON_VB_Wa_131,,,,CTD,,CTD,,CTD,,,,,,,,,,,,,,,,,,,,,,,,,,,,,,,,,,,,,,,,,,,,,,,,,,,,,,,,,,,,,,,
EMOBON_VB_Wa_132,,,,CTD,,CTD,,CTD,,,,,,,,,,,,,,,,,,,,,,,,,,,,,,,,,,,,,,,,,,,,,,,,,,,,,,,,,,,,,,,
EMOBON_VB_Wa_133,,,,CTD,,CTD,,CTD,,,,,,,,,,,,,,,,,,,,,,,,,,,,,,,,,,,,,,,,,,,,,,,,,,,,,,,,,,,,,,,
EMOBON_VB_Wa_134,,,,CTD,,CTD,,CTD,,,,,,,,,,,,,,,,,,,,,,,,,,,,,,,,,,,,,,,,,,,,,,,,,,,,,,,,,,,,,,,
EMOBON_VB_Wa_135,,,,CTD,,CTD,,CTD,,,,,,,,,,,,,,,,,,,,,,,,,,,,,,,,,,,,,,,,,,,,,,,,,,,,,,,,,,,,,,,
EMOBON_VB_Wa_136,,,,CTD,,CTD,,CTD,,,,,,,,,,,,,,,,,,,,,,,,,,,,,,,,,,,,,,,,,,,,,,,,,,,,,,,,,,,,,,,
EMOBON_VB_Wa_137,,,15.7205,CTD,15.6474,CTD,38.0766,CTD,,,,,,,,,,,,,,,,,,,,,,,,,,,,,,,,,,,,,,,,,,,,,,,,,,,,,,,,,,,,,,,
EMOBON_VB_Wa_138,,,15.7205,CTD,15.6474,CTD,38.0766,CTD,,,,,,,,,,,,,,,,,,,,,,,,,,,,,,,,,,,,,,,,,,,,,,,,,,,,,,,,,,,,,,,
EMOBON_VB_Wa_139,,,15.7205,CTD,15.6474,CTD,38.0766,CTD,,,,,,,,,,,,,,,,,,,,,,,,,,,,,,,,,,,,,,,,,,,,,,,,,,,,,,,,,,,,,,,
EMOBON_VB_Wa_140,,,15.7205,CTD,15.6474,CTD,38.0766,CTD,,,,,,,,,,,,,,,,,,,,,,,,,,,,,,,,,,,,,,,,,,,,,,,,,,,,,,,,,,,,,,,
EMOBON_VB_Wa_141,,,15.7205,CTD,15.6474,CTD,38.0766,CTD,,,,,,,,,,,,,,,,,,,,,,,,,,,,,,,,,,,,,,,,,,,,,,,,,,,,,,,,,,,,,,,
EMOBON_VB_Wa_142,,,15.7205,CTD,15.6474,CTD,38.0766,CTD,,,,,,,,,,,,,,,,,,,,,,,,,,,,,,,,,,,,,,,,,,,,,,,,,,,,,,,,,,,,,,,
EMOBON_VB_Wa_143,,,15.7205,CTD,15.6474,CTD,38.0766,CTD,,,,,,,,,,,,,,,,,,,,,,,,,,,,,,,,,,,,,,,,,,,,,,,,,,,,,,,,,,,,,,,
EMOBON_VB_Wa_144,,,15.7205,CTD,15.6474,CTD,38.0766,CTD,,,,,,,,,,,,,,,,,,,,,,,,,,,,,,,,,,,,,,,,,,,,,,,,,,,,,,,,,,,,,,,
EMOBON_VB_Wa_145,,,15.7205,CTD,15.6474,CTD,38.0766,CTD,,,,,,,,,,,,,,,,,,,,,,,,,,,,,,,,,,,,,,,,,,,,,,,,,,,,,,,,,,,,,,,
EMOBON_VB_Wa_146,,,15.7205,CTD,15.6474,CTD,38.0766,CTD,,,,,,,,,,,,,,,,,,,,,,,,,,,,,,,,,,,,,,,,,,,,,,,,,,,,,,,,,,,,,,,
EMOBON_VB_Wa_147,,,15.7205,CTD,15.6474,CTD,38.0766,CTD,,,,,,,,,,,,,,,,,,,,,,,,,,,,,,,,,,,,,,,,,,,,,,,,,,,,,,,,,,,,,,,
EMOBON_VB_Wa_148,,,15.7205,CTD,15.6474,CTD,38.0766,CTD,,,,,,,,,,,,,,,,,,,,,,,,,,,,,,,,,,,,,,,,,,,,,,,,,,,,,,,,,,,,,,,
EMOBON_VB_Wa_149,,,15.7205,CTD,15.6474,CTD,38.0766,CTD,,,,,,,,,,,,,,,,,,,,,,,,,,,,,,,,,,,,,,,,,,,,,,,,,,,,,,,,,,,,,,,
EMOBON_VB_Wa_150,,,15.7205,CTD,15.6474,CTD,38.0766,CTD,,,,,,,,,,,,,,,,,,,,,,,,,,,,,,,,,,,,,,,,,,,,,,,,,,,,,,,,,,,,,,,
EMOBON_VB_Wa_151,,,15.7205,CTD,15.6474,CTD,38.0766,CTD,,,,,,,,,,,,,,,,,,,,,,,,,,,,,,,,,,,,,,,,,,,,,,,,,,,,,,,,,,,,,,,
EMOBON_VB_Wa_152,,,15.7205,CTD,15.6474,CTD,38.0766,CTD,,,,,,,,,,,,,,,,,,,,,,,,,,,,,,,,,,,,,,,,,,,,,,,,,,,,,,,,,,,,,,,
EMOBON_VB_Wa_153,,,,CTD,,CTD,,CTD,,,,,,,,,,,,,,,,,,,,,,,,,,,,,,,,,,,,,,,,,,,,,,,,,,,,,,,,,,,,,,,
EMOBON_VB_Wa_154,,,,CTD,,CTD,,CTD,,,,,,,,,,,,,,,,,,,,,,,,,,,,,,,,,,,,,,,,,,,,,,,,,,,,,,,,,,,,,,,
EMOBON_VB_Wa_155,,,,CTD,,CTD,,CTD,,,,,,,,,,,,,,,,,,,,,,,,,,,,,,,,,,,,,,,,,,,,,,,,,,,,,,,,,,,,,,,
EMOBON_VB_Wa_156,,,,CTD,,CTD,,CTD,,,,,,,,,,,,,,,,,,,,,,,,,,,,,,,,,,,,,,,,,,,,,,,,,,,,,,,,,,,,,,,
EMOBON_VB_Wa_157,,,,CTD,,CTD,,CTD,,,,,,,,,,,,,,,,,,,,,,,,,,,,,,,,,,,,,,,,,,,,,,,,,,,,,,,,,,,,,,,
EMOBON_VB_Wa_158,,,,CTD,,CTD,,CTD,,,,,,,,,,,,,,,,,,,,,,,,,,,,,,,,,,,,,,,,,,,,,,,,,,,,,,,,,,,,,,,
EMOBON_VB_Wa_159,,,,CTD,,CTD,,CTD,,,,,,,,,,,,,,,,,,,,,,,,,,,,,,,,,,,,,,,,,,,,,,,,,,,,,,,,,,,,,,,
EMOBON_VB_Wa_160,,,,CTD,,CTD,,CTD,,,,,,,,,,,,,,,,,,,,,,,,,,,,,,,,,,,,,,,,,,,,,,,,,,,,,,,,,,,,,,,
EMOBON_VB_Wa_161,,,,CTD,,CTD,,CTD,,,,,,,,,,,,,,,,,,,,,,,,,,,,,,,,,,,,,,,,,,,,,,,,,,,,,,,,,,,,,,,
EMOBON_VB_Wa_162,,,,CTD,,CTD,,CTD,,,,,,,,,,,,,,,,,,,,,,,,,,,,,,,,,,,,,,,,,,,,,,,,,,,,,,,,,,,,,,,
EMOBON_VB_Wa_163,,,,CTD,,CTD,,CTD,,,,,,,,,,,,,,,,,,,,,,,,,,,,,,,,,,,,,,,,,,,,,,,,,,,,,,,,,,,,,,,
EMOBON_VB_Wa_164,,,,CTD,,CTD,,CTD,,,,,,,,,,,,,,,,,,,,,,,,,,,,,,,,,,,,,,,,,,,,,,,,,,,,,,,,,,,,,,,
EMOBON_VB_Wa_165,,,,CTD,,CTD,,CTD,,,,,,,,,,,,,,,,,,,,,,,,,,,,,,,,,,,,,,,,,,,,,,,,,,,,,,,,,,,,,,,
EMOBON_VB_Wa_166,,,,CTD,,CTD,,CTD,,,,,,,,,,,,,,,,,,,,,,,,,,,,,,,,,,,,,,,,,,,,,,,,,,,,,,,,,,,,,,,
EMOBON_VB_Wa_167,,,,CTD,,CTD,,CTD,,,,,,,,,,,,,,,,,,,,,,,,,,,,,,,,,,,,,,,,,,,,,,,,,,,,,,,,,,,,,,,
EMOBON_VB_Wa_168,,,,CTD,,CTD,,CTD,,,,,,,,,,,,,,,,,,,,,,,,,,,,,,,,,,,,,,,,,,,,,,,,,,,,,,,,,,,,,,,
EMOBON_VB_Wa_169,,,,CTD,,CTD,,CTD,,,,,,,,,,,,,,,,,,,,,,,,,,,,,,,,,,,,,,,,,,,,,,,,,,,,,,,,,,,,,,,
EMOBON_VB_Wa_170,,,,CTD,,CTD,,CTD,,,,,,,,,,,,,,,,,,,,,,,,,,,,,,,,,,,,,,,,,,,,,,,,,,,,,,,,,,,,,,,
EMOBON_VB_Wa_171,,,,CTD,,CTD,,CTD,,,,,,,,,,,,,,,,,,,,,,,,,,,,,,,,,,,,,,,,,,,,,,,,,,,,,,,,,,,,,,,
EMOBON_VB_Wa_172,,,,CTD,,CTD,,CTD,,,,,,,,,,,,,,,,,,,,,,,,,,,,,,,,,,,,,,,,,,,,,,,,,,,,,,,,,,,,,,,
EMOBON_VB_Wa_173,,,,CTD,,CTD,,CTD,,,,,,,,,,,,,,,,,,,,,,,,,,,,,,,,,,,,,,,,,,,,,,,,,,,,,,,,,,,,,,,
EMOBON_VB_Wa_174,,,,CTD,,CTD,,CTD,,,,,,,,,,,,,,,,,,,,,,,,,,,,,,,,,,,,,,,,,,,,,,,,,,,,,,,,,,,,,,,
EMOBON_VB_Wa_175,,,,CTD,,CTD,,CTD,,,,,,,,,,,,,,,,,,,,,,,,,,,,,,,,,,,,,,,,,,,,,,,,,,,,,,,,,,,,,,,
EMOBON_VB_Wa_176,,,,CTD,,CTD,,CTD,,,,,,,,,,,,,,,,,,,,,,,,,,,,,,,,,,,,,,,,,,,,,,,,,,,,,,,,,,,,,,,
EMOBON_VB_Wa_177,,,,CTD,,CTD,,CTD,,,,,,,,,,,,,,,,,,,,,,,,,,,,,,,,,,,,,,,,,,,,,,,,,,,,,,,,,,,,,,,
EMOBON_VB_Wa_178,,,,CTD,,CTD,,CTD,,,,,,,,,,,,,,,,,,,,,,,,,,,,,,,,,,,,,,,,,,,,,,,,,,,,,,,,,,,,,,,
EMOBON_VB_Wa_179,,,,CTD,,CTD,,CTD,,,,,,,,,,,,,,,,,,,,,,,,,,,,,,,,,,,,,,,,,,,,,,,,,,,,,,,,,,,,,,,
EMOBON_VB_Wa_180,,,,CTD,,CTD,,CTD,,,,,,,,,,,,,,,,,,,,,,,,,,,,,,,,,,,,,,,,,,,,,,,,,,,,,,,,,,,,,,,
EMOBON_VB_Wa_181,,,,CTD,,CTD,,CTD,,,,,,,,,,,,,,,,,,,,,,,,,,,,,,,,,,,,,,,,,,,,,,,,,,,,,,,,,,,,,,,
EMOBON_VB_Wa_182,,,,CTD,,CTD,,CTD,,,,,,,,,,,,,,,,,,,,,,,,,,,,,,,,,,,,,,,,,,,,,,,,,,,,,,,,,,,,,,,
EMOBON_VB_Wa_183,,,,CTD,,CTD,,CTD,,,,,,,,,,,,,,,,,,,,,,,,,,,,,,,,,,,,,,,,,,,,,,,,,,,,,,,,,,,,,,,
EMOBON_VB_Wa_184,,,,CTD,,CTD,,CTD,,,,,,,,,,,,,,,,,,,,,,,,,,,,,,,,,,,,,,,,,,,,,,,,,,,,,,,,,,,,,,,
EMOBON_VB_Wa_185,,,,CTD,,CTD,,CTD,,,,,,,,,,,,,,,,,,,,,,,,,,,,,,,,,,,,,,,,,,,,,,,,,,,,,,,,,,,,,,,
EMOBON_VB_Wa_186,,,,CTD,,CTD,,CTD,,,,,,,,,,,,,,,,,,,,,,,,,,,,,,,,,,,,,,,,,,,,,,,,,,,,,,,,,,,,,,,
EMOBON_VB_Wa_187,,,,CTD,,CTD,,CTD,,,,,,,,,,,,,,,,,,,,,,,,,,,,,,,,,,,,,,,,,,,,,,,,,,,,,,,,,,,,,,,
EMOBON_VB_Wa_188,,,,CTD,,CTD,,CTD,,,,,,,,,,,,,,,,,,,,,,,,,,,,,,,,,,,,,,,,,,,,,,,,,,,,,,,,,,,,,,,
EMOBON_VB_Wa_189,,,13.8547,CTD,13.8556,CTD,38.1949,CTD,,,,,,,,,,,,,,,,,,,,,,,,,,,,,,,,,,,,,,,,,,,,,,,,,,,,,,,,,,,,,,,
EMOBON_VB_Wa_190,,,13.8547,CTD,13.8556,CTD,38.1949,CTD,,,,,,,,,,,,,,,,,,,,,,,,,,,,,,,,,,,,,,,,,,,,,,,,,,,,,,,,,,,,,,,
EMOBON_VB_Wa_191,,,13.8547,CTD,13.8556,CTD,38.1949,CTD,,,,,,,,,,,,,,,,,,,,,,,,,,,,,,,,,,,,,,,,,,,,,,,,,,,,,,,,,,,,,,,
EMOBON_VB_Wa_192,,,13.8547,CTD,13.8556,CTD,38.1949,CTD,,,,,,,,,,,,,,,,,,,,,,,,,,,,,,,,,,,,,,,,,,,,,,,,,,,,,,,,,,,,,,,
EMOBON_VB_Wa_193,,,13.8547,CTD,13.8556,CTD,38.1949,CTD,,,,,,,,,,,,,,,,,,,,,,,,,,,,,,,,,,,,,,,,,,,,,,,,,,,,,,,,,,,,,,,
EMOBON_VB_Wa_194,,,13.8547,CTD,13.8556,CTD,38.1949,CTD,,,,,,,,,,,,,,,,,,,,,,,,,,,,,,,,,,,,,,,,,,,,,,,,,,,,,,,,,,,,,,,
EMOBON_VB_Wa_195,,,13.8547,CTD,13.8556,CTD,38.1949,CTD,,,,,,,,,,,,,,,,,,,,,,,,,,,,,,,,,,,,,,,,,,,,,,,,,,,,,,,,,,,,,,,
EMOBON_VB_Wa_196,,,13.8547,CTD,13.8556,CTD,38.1949,CTD,,,,,,,,,,,,,,,,,,,,,,,,,,,,,,,,,,,,,,,,,,,,,,,,,,,,,,,,,,,,,,,
EMOBON_VB_Wa_197,,,13.8547,CTD,13.8556,CTD,38.1949,CTD,,,,,,,,,,,,,,,,,,,,,,,,,,,,,,,,,,,,,,,,,,,,,,,,,,,,,,,,,,,,,,,
EMOBON_VB_Wa_198,,,13.8547,CTD,13.8556,CTD,38.1949,CTD,,,,,,,,,,,,,,,,,,,,,,,,,,,,,,,,,,,,,,,,,,,,,,,,,,,,,,,,,,,,,,,
EMOBON_VB_Wa_199,,,13.8547,CTD,13.8556,CTD,38.1949,CTD,,,,,,,,,,,,,,,,,,,,,,,,,,,,,,,,,,,,,,,,,,,,,,,,,,,,,,,,,,,,,,,
EMOBON_VB_Wa_200,,,,CTD,,CTD,,CTD,,,,,,,,,,,,,,,,,,,,,,,,,,,,,,,,,,,,,,,,,,,,,,,,,,,,,,,,,,,,,,,
EMOBON_VB_Wa_201,,,,CTD,,CTD,,CTD,,,,,,,,,,,,,,,,,,,,,,,,,,,,,,,,,,,,,,,,,,,,,,,,,,,,,,,,,,,,,,,
EMOBON_VB_Wa_202,,,,CTD,,CTD,,CTD,,,,,,,,,,,,,,,,,,,,,,,,,,,,,,,,,,,,,,,,,,,,,,,,,,,,,,,,,,,,,,,
EMOBON_VB_Wa_203,,,,CTD,,CTD,,CTD,,,,,,,,,,,,,,,,,,,,,,,,,,,,,,,,,,,,,,,,,,,,,,,,,,,,,,,,,,,,,,,
EMOBON_VB_Wa_204,,,,CTD,,CTD,,CTD,,,,,,,,,,,,,,,,,,,,,,,,,,,,,,,,,,,,,,,,,,,,,,,,,,,,,,,,,,,,,,,
EMOBON_VB_Wa_205,,,,CTD,,CTD,,CTD,,,,,,,,,,,,,,,,,,,,,,,,,,,,,,,,,,,,,,,,,,,,,,,,,,,,,,,,,,,,,,,
EMOBON_VB_Wa_206,,,,CTD,,CTD,,CTD,,,,,,,,,,,,,,,,,,,,,,,,,,,,,,,,,,,,,,,,,,,,,,,,,,,,,,,,,,,,,,,
EMOBON_VB_Wa_207,,,,CTD,,CTD,,CTD,,,,,,,,,,,,,,,,,,,,,,,,,,,,,,,,,,,,,,,,,,,,,,,,,,,,,,,,,,,,,,,
EMOBON_VB_Wa_208,,,,CTD,,CTD,,CTD,,,,,,,,,,,,,,,,,,,,,,,,,,,,,,,,,,,,,,,,,,,,,,,,,,,,,,,,,,,,,,,
EMOBON_VB_Wa_209,,,,CTD,,CTD,,CTD,,,,,,,,,,,,,,,,,,,,,,,,,,,,,,,,,,,,,,,,,,,,,,,,,,,,,,,,,,,,,,,
EMOBON_VB_Wa_210,,,,CTD,,CTD,,CTD,,,,,,,,,,,,,,,,,,,,,,,,,,,,,,,,,,,,,,,,,,,,,,,,,,,,,,,,,,,,,,,
EMOBON_VB_Wa_211,,,,CTD,,CTD,,CTD,,,,,,,,,,,,,,,,,,,,,,,,,,,,,,,,,,,,,,,,,,,,,,,,,,,,,,,,,,,,,,,
EMOBON_VB_Wa_212,,,,CTD,,CTD,,CTD,,,,,,,,,,,,,,,,,,,,,,,,,,,,,,,,,,,,,,,,,,,,,,,,,,,,,,,,,,,,,,,
EMOBON_VB_Wa_213,,,,CTD,,CTD,,CTD,,,,,,,,,,,,,,,,,,,,,,,,,,,,,,,,,,,,,,,,,,,,,,,,,,,,,,,,,,,,,,,
EMOBON_VB_Wa_214,,,,CTD,,CTD,,CTD,,,,,,,,,,,,,,,,,,,,,,,,,,,,,,,,,,,,,,,,,,,,,,,,,,,,,,,,,,,,,,,
EMOBON_VB_Wa_215,,,,CTD,,CTD,,CTD,,,,,,,,,,,,,,,,,,,,,,,,,,,,,,,,,,,,,,,,,,,,,,,,,,,,,,,,,,,,,,,
EMOBON_VB_Wa_216,,,,CTD,,CTD,,CTD,,,,,,,,,,,,,,,,,,,,,,,,,,,,,,,,,,,,,,,,,,,,,,,,,,,,,,,,,,,,,,,
EMOBON_VB_Wa_217,,,,CTD,,CTD,,CTD,,,,,,,,,,,,,,,,,,,,,,,,,,,,,,,,,,,,,,,,,,,,,,,,,,,,,,,,,,,,,,,
EMOBON_VB_Wa_218,,,,CTD,,CTD,,CTD,,,,,,,,,,,,,,,,,,,,,,,,,,,,,,,,,,,,,,,,,,,,,,,,,,,,,,,,,,,,,,,
EMOBON_VB_Wa_219,,,,CTD,,CTD,,CTD,,,,,,,,,,,,,,,,,,,,,,,,,,,,,,,,,,,,,,,,,,,,,,,,,,,,,,,,,,,,,,,
EMOBON_VB_Wa_220,,,,CTD,,CTD,,CTD,,,,,,,,,,,,,,,,,,,,,,,,,,,,,,,,,,,,,,,,,,,,,,,,,,,,,,,,,,,,,,,
EMOBON_VB_Wa_221,,,,CTD,,CTD,,CTD,,,,,,,,,,,,,,,,,,,,,,,,,,,,,,,,,,,,,,,,,,,,,,,,,,,,,,,,,,,,,,,
EMOBON_VB_Wa_222,,,,CTD,,CTD,,CTD,,,,,,,,,,,,,,,,,,,,,,,,,,,,,,,,,,,,,,,,,,,,,,,,,,,,,,,,,,,,,,,
EMOBON_VB_Wa_223,,,,CTD,,CTD,,CTD,,,,,,,,,,,,,,,,,,,,,,,,,,,,,,,,,,,,,,,,,,,,,,,,,,,,,,,,,,,,,,,
EMOBON_VB_Wa_224,,,,CTD,,CTD,,CTD,,,,,,,,,,,,,,,,,,,,,,,,,,,,,,,,,,,,,,,,,,,,,,,,,,,,,,,,,,,,,,,
EMOBON_VB_Wa_225,,,,CTD,,CTD,,CTD,,,,,,,,,,,,,,,,,,,,,,,,,,,,,,,,,,,,,,,,,,,,,,,,,,,,,,,,,,,,,,,
EMOBON_VB_Wa_226,,,,CTD,,CTD,,CTD,,,,,,,,,,,,,,,,,,,,,,,,,,,,,,,,,,,,,,,,,,,,,,,,,,,,,,,,,,,,,,,
EMOBON_VB_Wa_227,,,,CTD,,CTD,,CTD,,,,,,,,,,,,,,,,,,,,,,,,,,,,,,,,,,,,,,,,,,,,,,,,,,,,,,,,,,,,,,,
EMOBON_VB_Wa_228,,,,CTD,,CTD,,CTD,,,,,,,,,,,,,,,,,,,,,,,,,,,,,,,,,,,,,,,,,,,,,,,,,,,,,,,,,,,,,,,
EMOBON_VB_Wa_229,,,,CTD,,CTD,,CTD,,,,,,,,,,,,,,,,,,,,,,,,,,,,,,,,,,,,,,,,,,,,,,,,,,,,,,,,,,,,,,,
EMOBON_VB_Wa_230,,,,CTD,,CTD,,CTD,,,,,,,,,,,,,,,,,,,,,,,,,,,,,,,,,,,,,,,,,,,,,,,,,,,,,,,,,,,,,,,
EMOBON_VB_Wa_231,,,,CTD,,CTD,,CTD,,,,,,,,,,,,,,,,,,,,,,,,,,,,,,,,,,,,,,,,,,,,,,,,,,,,,,,,,,,,,,,
EMOBON_VB_Wa_232,,,,CTD,,CTD,,CTD,,,,,,,,,,,,,,,,,,,,,,,,,,,,,,,,,,,,,,,,,,,,,,,,,,,,,,,,,,,,,,,
EMOBON_VB_Wa_233,,,,CTD,,CTD,,CTD,,,,,,,,,,,,,,,,,,,,,,,,,,,,,,,,,,,,,,,,,,,,,,,,,,,,,,,,,,,,,,,
EMOBON_VB_Wa_234,,,,CTD,,CTD,,CTD,,,,,,,,,,,,,,,,,,,,,,,,,,,,,,,,,,,,,,,,,,,,,,,,,,,,,,,,,,,,,,,
EMOBON_VB_Wa_235,,,,CTD,,CTD,,CTD,,,,,,,,,,,,,,,,,,,,,,,,,,,,,,,,,,,,,,,,,,,,,,,,,,,,,,,,,,,,,,,
EMOBON_VB_Wa_236,,,15.24,CTD,14.8729,CTD,37.9562,CTD,,,,,,,,,,,,,,,,,,,,,,,,,,,,,,,,,,,,,,,,,,,,,,,,,,,,,,,,,,,,,,,
EMOBON_VB_Wa_237,,,15.24,CTD,14.8729,CTD,37.9562,CTD,,,,,,,,,,,,,,,,,,,,,,,,,,,,,,,,,,,,,,,,,,,,,,,,,,,,,,,,,,,,,,,
EMOBON_VB_Wa_238,,,15.24,CTD,14.8729,CTD,37.9562,CTD,,,,,,,,,,,,,,,,,,,,,,,,,,,,,,,,,,,,,,,,,,,,,,,,,,,,,,,,,,,,,,,
EMOBON_VB_Wa_239,,,15.24,CTD,14.8729,CTD,37.9562,CTD,,,,,,,,,,,,,,,,,,,,,,,,,,,,,,,,,,,,,,,,,,,,,,,,,,,,,,,,,,,,,,,
EMOBON_VB_Wa_240,,,15.24,CTD,14.8729,CTD,37.9562,CTD,,,,,,,,,,,,,,,,,,,,,,,,,,,,,,,,,,,,,,,,,,,,,,,,,,,,,,,,,,,,,,,
EMOBON_VB_Wa_241,,,15.24,CTD,14.8729,CTD,37.9562,CTD,,,,,,,,,,,,,,,,,,,,,,,,,,,,,,,,,,,,,,,,,,,,,,,,,,,,,,,,,,,,,,,
EMOBON_VB_Wa_242,,,15.24,CTD,14.8729,CTD,37.9562,CTD,,,,,,,,,,,,,,,,,,,,,,,,,,,,,,,,,,,,,,,,,,,,,,,,,,,,,,,,,,,,,,,
EMOBON_VB_Wa_243,,,15.24,CTD,14.8729,CTD,37.9562,CTD,,,,,,,,,,,,,,,,,,,,,,,,,,,,,,,,,,,,,,,,,,,,,,,,,,,,,,,,,,,,,,,
EMOBON_VB_Wa_244,,,15.24,CTD,14.8729,CTD,37.9562,CTD,,,,,,,,,,,,,,,,,,,,,,,,,,,,,,,,,,,,,,,,,,,,,,,,,,,,,,,,,,,,,,,
EMOBON_VB_Wa_245,,,15.24,CTD,14.8729,CTD,37.9562,CTD,,,,,,,,,,,,,,,,,,,,,,,,,,,,,,,,,,,,,,,,,,,,,,,,,,,,,,,,,,,,,,,
EMOBON_VB_Wa_246,,,15.24,CTD,14.8729,CTD,37.9562,CTD,,,,,,,,,,,,,,,,,,,,,,,,,,,,,,,,,,,,,,,,,,,,,,,,,,,,,,,,,,,,,,,
EMOBON_VB_Wa_247,,,15.24,CTD,14.8729,CTD,37.9562,CTD,,,,,,,,,,,,,,,,,,,,,,,,,,,,,,,,,,,,,,,,,,,,,,,,,,,,,,,,,,,,,,,
EMOBON_VB_Wa_248,,,15.24,CTD,14.8729,CTD,37.9562,CTD,,,,,,,,,,,,,,,,,,,,,,,,,,,,,,,,,,,,,,,,,,,,,,,,,,,,,,,,,,,,,,,
EMOBON_VB_Wa_249,,,15.24,CTD,14.8729,CTD,37.9562,CTD,,,,,,,,,,,,,,,,,,,,,,,,,,,,,,,,,,,,,,,,,,,,,,,,,,,,,,,,,,,,,,,
EMOBON_VB_Wa_250,,,15.24,CTD,14.8729,CTD,37.9562,CTD,,,,,,,,,,,,,,,,,,,,,,,,,,,,,,,,,,,,,,,,,,,,,,,,,,,,,,,,,,,,,,,
EMOBON_VB_Wa_251,,,15.24,CTD,14.8729,CTD,37.9562,CTD,,,,,,,,,,,,,,,,,,,,,,,,,,,,,,,,,,,,,,,,,,,,,,,,,,,,,,,,,,,,,,,
EMOBON_VB_Wa_252,,,,CTD,,CTD,,CTD,,,,,,,,,,,,,,,,,,,,,,,,,,,,,,,,,,,,,,,,,,,,,,,,,,,,,,,,,,,,,,,
EMOBON_VB_Wa_253,,,,CTD,,CTD,,CTD,,,,,,,,,,,,,,,,,,,,,,,,,,,,,,,,,,,,,,,,,,,,,,,,,,,,,,,,,,,,,,,
EMOBON_VB_Wa_254,,,,CTD,,CTD,,CTD,,,,,,,,,,,,,,,,,,,,,,,,,,,,,,,,,,,,,,,,,,,,,,,,,,,,,,,,,,,,,,,
EMOBON_VB_Wa_255,,,,CTD,,CTD,,CTD,,,,,,,,,,,,,,,,,,,,,,,,,,,,,,,,,,,,,,,,,,,,,,,,,,,,,,,,,,,,,,,
EMOBON_VB_Wa_256,,,,CTD,,CTD,,CTD,,,,,,,,,,,,,,,,,,,,,,,,,,,,,,,,,,,,,,,,,,,,,,,,,,,,,,,,,,,,,,,
EMOBON_VB_Wa_257,,,,CTD,,CTD,,CTD,,,,,,,,,,,,,,,,,,,,,,,,,,,,,,,,,,,,,,,,,,,,,,,,,,,,,,,,,,,,,,,
EMOBON_VB_Wa_258,,,,CTD,,CTD,,CTD,,,,,,,,,,,,,,,,,,,,,,,,,,,,,,,,,,,,,,,,,,,,,,,,,,,,,,,,,,,,,,,
EMOBON_VB_Wa_259,,,,CTD,,CTD,,CTD,,,,,,,,,,,,,,,,,,,,,,,,,,,,,,,,,,,,,,,,,,,,,,,,,,,,,,,,,,,,,,,
EMOBON_VB_Wa_260,,,,CTD,,CTD,,CTD,,,,,,,,,,,,,,,,,,,,,,,,,,,,,,,,,,,,,,,,,,,,,,,,,,,,,,,,,,,,,,,
EMOBON_VB_Wa_261,,,,CTD,,CTD,,CTD,,,,,,,,,,,,,,,,,,,,,,,,,,,,,,,,,,,,,,,,,,,,,,,,,,,,,,,,,,,,,,,
EMOBON_VB_Wa_262,,,,CTD,,CTD,,CTD,,,,,,,,,,,,,,,,,,,,,,,,,,,,,,,,,,,,,,,,,,,,,,,,,,,,,,,,,,,,,,,
EMOBON_VB_Wa_263,,,,CTD,,CTD,,CTD,,,,,,,,,,,,,,,,,,,,,,,,,,,,,,,,,,,,,,,,,,,,,,,,,,,,,,,,,,,,,,,
EMOBON_VB_Wa_264,,,,CTD,,CTD,,CTD,,,,,,,,,,,,,,,,,,,,,,,,,,,,,,,,,,,,,,,,,,,,,,,,,,,,,,,,,,,,,,,
EMOBON_VB_Wa_265,,,,CTD,,CTD,,CTD,,,,,,,,,,,,,,,,,,,,,,,,,,,,,,,,,,,,,,,,,,,,,,,,,,,,,,,,,,,,,,,
EMOBON_VB_Wa_266,,,,CTD,,CTD,,CTD,,,,,,,,,,,,,,,,,,,,,,,,,,,,,,,,,,,,,,,,,,,,,,,,,,,,,,,,,,,,,,,
EMOBON_VB_Wa_267,,,,CTD,,CTD,,CTD,,,,,,,,,,,,,,,,,,,,,,,,,,,,,,,,,,,,,,,,,,,,,,,,,,,,,,,,,,,,,,,
EMOBON_VB_Wa_268,,,,CTD,,CTD,,CTD,,,,,,,,,,,,,,,,,,,,,,,,,,,,,,,,,,,,,,,,,,,,,,,,,,,,,,,,,,,,,,,
EMOBON_VB_Wa_269,,,,CTD,,CTD,,CTD,,,,,,,,,,,,,,,,,,,,,,,,,,,,,,,,,,,,,,,,,,,,,,,,,,,,,,,,,,,,,,,
EMOBON_VB_Wa_270,,,,CTD,,CTD,,CTD,,,,,,,,,,,,,,,,,,,,,,,,,,,,,,,,,,,,,,,,,,,,,,,,,,,,,,,,,,,,,,,
EMOBON_VB_Wa_271,,,,CTD,,CTD,,CTD,,,,,,,,,,,,,,,,,,,,,,,,,,,,,,,,,,,,,,,,,,,,,,,,,,,,,,,,,,,,,,,
EMOBON_VB_Wa_272,,,,CTD,,CTD,,CTD,,,,,,,,,,,,,,,,,,,,,,,,,,,,,,,,,,,,,,,,,,,,,,,,,,,,,,,,,,,,,,,
EMOBON_VB_Wa_273,,,,CTD,,CTD,,CTD,,,,,,,,,,,,,,,,,,,,,,,,,,,,,,,,,,,,,,,,,,,,,,,,,,,,,,,,,,,,,,,
EMOBON_VB_Wa_274,,,,CTD,,CTD,,CTD,,,,,,,,,,,,,,,,,,,,,,,,,,,,,,,,,,,,,,,,,,,,,,,,,,,,,,,,,,,,,,,
EMOBON_VB_Wa_275,,,,CTD,,CTD,,CTD,,,,,,,,,,,,,,,,,,,,,,,,,,,,,,,,,,,,,,,,,,,,,,,,,,,,,,,,,,,,,,,
EMOBON_VB_Wa_276,,,,CTD,,CTD,,CTD,,,,,,,,,,,,,,,,,,,,,,,,,,,,,,,,,,,,,,,,,,,,,,,,,,,,,,,,,,,,,,,
EMOBON_VB_Wa_277,,,,CTD,,CTD,,CTD,,,,,,,,,,,,,,,,,,,,,,,,,,,,,,,,,,,,,,,,,,,,,,,,,,,,,,,,,,,,,,,
EMOBON_VB_Wa_278,,,,CTD,,CTD,,CTD,,,,,,,,,,,,,,,,,,,,,,,,,,,,,,,,,,,,,,,,,,,,,,,,,,,,,,,,,,,,,,,
EMOBON_VB_Wa_279,,,,CTD,,CTD,,CTD,,,,,,,,,,,,,,,,,,,,,,,,,,,,,,,,,,,,,,,,,,,,,,,,,,,,,,,,,,,,,,,
EMOBON_VB_Wa_280,,,,CTD,,CTD,,CTD,,,,,,,,,,,,,,,,,,,,,,,,,,,,,,,,,,,,,,,,,,,,,,,,,,,,,,,,,,,,,,,
EMOBON_VB_Wa_281,,,,CTD,,CTD,,CTD,,,,,,,,,,,,,,,,,,,,,,,,,,,,,,,,,,,,,,,,,,,,,,,,,,,,,,,,,,,,,,,
EMOBON_VB_Wa_282,,,,CTD,,CTD,,CTD,,,,,,,,,,,,,,,,,,,,,,,,,,,,,,,,,,,,,,,,,,,,,,,,,,,,,,,,,,,,,,,
EMOBON_VB_Wa_283,,,,CTD,,CTD,,CTD,,,,,,,,,,,,,,,,,,,,,,,,,,,,,,,,,,,,,,,,,,,,,,,,,,,,,,,,,,,,,,,
EMOBON_VB_Wa_284,,,,CTD,,CTD,,CTD,,,,,,,,,,,,,,,,,,,,,,,,,,,,,,,,,,,,,,,,,,,,,,,,,,,,,,,,,,,,,,,
EMOBON_VB_Wa_285,,,,CTD,,CTD,,CTD,,,,,,,,,,,,,,,,,,,,,,,,,,,,,,,,,,,,,,,,,,,,,,,,,,,,,,,,,,,,,,,
EMOBON_VB_Wa_286,,,,CTD,,CTD,,CTD,,,,,,,,,,,,,,,,,,,,,,,,,,,,,,,,,,,,,,,,,,,,,,,,,,,,,,,,,,,,,,,
EMOBON_VB_Wa_287,,,,CTD,,CTD,,CTD,,,,,,,,,,,,,,,,,,,,,,,,,,,,,,,,,,,,,,,,,,,,,,,,,,,,,,,,,,,,,,,
EMOBON_VB_Wa_288,,,23.9412,CTD,23.129,CTD,37.6138,CTD,,,,,,,,,,,,,,,,,,,,,,,,,,,,,,,,,,,,,,,,,,,,,,,,,,,,,,,,,,,,,,,
EMOBON_VB_Wa_289,,,23.9412,CTD,23.129,CTD,37.6138,CTD,,,,,,,,,,,,,,,,,,,,,,,,,,,,,,,,,,,,,,,,,,,,,,,,,,,,,,,,,,,,,,,
EMOBON_VB_Wa_290,,,23.9412,CTD,23.129,CTD,37.6138,CTD,,,,,,,,,,,,,,,,,,,,,,,,,,,,,,,,,,,,,,,,,,,,,,,,,,,,,,,,,,,,,,,
EMOBON_VB_Wa_291,,,23.9412,CTD,23.129,CTD,37.6138,CTD,,,,,,,,,,,,,,,,,,,,,,,,,,,,,,,,,,,,,,,,,,,,,,,,,,,,,,,,,,,,,,,
EMOBON_VB_Wa_292,,,23.9412,CTD,23.129,CTD,37.6138,CTD,,,,,,,,,,,,,,,,,,,,,,,,,,,,,,,,,,,,,,,,,,,,,,,,,,,,,,,,,,,,,,,
EMOBON_VB_Wa_293,,,23.9412,CTD,23.129,CTD,37.6138,CTD,,,,,,,,,,,,,,,,,,,,,,,,,,,,,,,,,,,,,,,,,,,,,,,,,,,,,,,,,,,,,,,
EMOBON_VB_Wa_294,,,23.9412,CTD,23.129,CTD,37.6138,CTD,,,,,,,,,,,,,,,,,,,,,,,,,,,,,,,,,,,,,,,,,,,,,,,,,,,,,,,,,,,,,,,
EMOBON_VB_Wa_295,,,23.9412,CTD,23.129,CTD,37.6138,CTD,,,,,,,,,,,,,,,,,,,,,,,,,,,,,,,,,,,,,,,,,,,,,,,,,,,,,,,,,,,,,,,
EMOBON_VB_Wa_296,,,23.9412,CTD,23.129,CTD,37.6138,CTD,,,,,,,,,,,,,,,,,,,,,,,,,,,,,,,,,,,,,,,,,,,,,,,,,,,,,,,,,,,,,,,
EMOBON_VB_Wa_297,,,23.9412,CTD,23.129,CTD,37.6138,CTD,,,,,,,,,,,,,,,,,,,,,,,,,,,,,,,,,,,,,,,,,,,,,,,,,,,,,,,,,,,,,,,
EMOBON_VB_Wa_298,,,23.9412,CTD,23.129,CTD,37.6138,CTD,,,,,,,,,,,,,,,,,,,,,,,,,,,,,,,,,,,,,,,,,,,,,,,,,,,,,,,,,,,,,,,
EMOBON_VB_Wa_299,,,23.9412,CTD,23.129,CTD,37.6138,CTD,,,,,,,,,,,,,,,,,,,,,,,,,,,,,,,,,,,,,,,,,,,,,,,,,,,,,,,,,,,,,,,
EMOBON_VB_Wa_300,,,23.9412,CTD,23.129,CTD,37.6138,CTD,,,,,,,,,,,,,,,,,,,,,,,,,,,,,,,,,,,,,,,,,,,,,,,,,,,,,,,,,,,,,,,
EMOBON_VB_Wa_301,,,23.9412,CTD,23.129,CTD,37.6138,CTD,,,,,,,,,,,,,,,,,,,,,,,,,,,,,,,,,,,,,,,,,,,,,,,,,,,,,,,,,,,,,,,
EMOBON_VB_Wa_302,,,23.9412,CTD,23.129,CTD,37.6138,CTD,,,,,,,,,,,,,,,,,,,,,,,,,,,,,,,,,,,,,,,,,,,,,,,,,,,,,,,,,,,,,,,
EMOBON_VB_Wa_303,,,23.9412,CTD,23.129,CTD,37.6138,CTD,,,,,,,,,,,,,,,,,,,,,,,,,,,,,,,,,,,,,,,,,,,,,,,,,,,,,,,,,,,,,,,
EMOBON_VB_Wa_304,,,,CTD,,CTD,,CTD,,,,,,,,,,,,,,,,,,,,,,,,,,,,,,,,,,,,,,,,,,,,,,,,,,,,,,,,,,,,,,,
EMOBON_VB_Wa_305,,,,CTD,,CTD,,CTD,,,,,,,,,,,,,,,,,,,,,,,,,,,,,,,,,,,,,,,,,,,,,,,,,,,,,,,,,,,,,,,
EMOBON_VB_Wa_306,,,,CTD,,CTD,,CTD,,,,,,,,,,,,,,,,,,,,,,,,,,,,,,,,,,,,,,,,,,,,,,,,,,,,,,,,,,,,,,,
EMOBON_VB_Wa_307,,,,CTD,,CTD,,CTD,,,,,,,,,,,,,,,,,,,,,,,,,,,,,,,,,,,,,,,,,,,,,,,,,,,,,,,,,,,,,,,
EMOBON_VB_Wa_308,,,,CTD,,CTD,,CTD,,,,,,,,,,,,,,,,,,,,,,,,,,,,,,,,,,,,,,,,,,,,,,,,,,,,,,,,,,,,,,,
EMOBON_VB_Wa_309,,,,CTD,,CTD,,CTD,,,,,,,,,,,,,,,,,,,,,,,,,,,,,,,,,,,,,,,,,,,,,,,,,,,,,,,,,,,,,,,
EMOBON_VB_Wa_310,,,,CTD,,CTD,,CTD,,,,,,,,,,,,,,,,,,,,,,,,,,,,,,,,,,,,,,,,,,,,,,,,,,,,,,,,,,,,,,,
EMOBON_VB_Wa_311,,,,CTD,,CTD,,CTD,,,,,,,,,,,,,,,,,,,,,,,,,,,,,,,,,,,,,,,,,,,,,,,,,,,,,,,,,,,,,,,
EMOBON_VB_Wa_312,,,,CTD,,CTD,,CTD,,,,,,,,,,,,,,,,,,,,,,,,,,,,,,,,,,,,,,,,,,,,,,,,,,,,,,,,,,,,,,,
EMOBON_VB_Wa_313,,,,CTD,,CTD,,CTD,,,,,,,,,,,,,,,,,,,,,,,,,,,,,,,,,,,,,,,,,,,,,,,,,,,,,,,,,,,,,,,
EMOBON_VB_Wa_314,,,,CTD,,CTD,,CTD,,,,,,,,,,,,,,,,,,,,,,,,,,,,,,,,,,,,,,,,,,,,,,,,,,,,,,,,,,,,,,,
EMOBON_VB_Wa_315,,,,CTD,,CTD,,CTD,,,,,,,,,,,,,,,,,,,,,,,,,,,,,,,,,,,,,,,,,,,,,,,,,,,,,,,,,,,,,,,
EMOBON_VB_Wa_316,,,,CTD,,CTD,,CTD,,,,,,,,,,,,,,,,,,,,,,,,,,,,,,,,,,,,,,,,,,,,,,,,,,,,,,,,,,,,,,,
EMOBON_VB_Wa_317,,,,CTD,,CTD,,CTD,,,,,,,,,,,,,,,,,,,,,,,,,,,,,,,,,,,,,,,,,,,,,,,,,,,,,,,,,,,,,,,
EMOBON_VB_Wa_318,,,,CTD,,CTD,,CTD,,,,,,,,,,,,,,,,,,,,,,,,,,,,,,,,,,,,,,,,,,,,,,,,,,,,,,,,,,,,,,,
EMOBON_VB_Wa_319,,,,CTD,,CTD,,CTD,,,,,,,,,,,,,,,,,,,,,,,,,,,,,,,,,,,,,,,,,,,,,,,,,,,,,,,,,,,,,,,
EMOBON_VB_Wa_320,,,,CTD,,CTD,,CTD,,,,,,,,,,,,,,,,,,,,,,,,,,,,,,,,,,,,,,,,,,,,,,,,,,,,,,,,,,,,,,,
EMOBON_VB_Wa_321,,,,CTD,,CTD,,CTD,,,,,,,,,,,,,,,,,,,,,,,,,,,,,,,,,,,,,,,,,,,,,,,,,,,,,,,,,,,,,,,
EMOBON_VB_Wa_322,,,,CTD,,CTD,,CTD,,,,,,,,,,,,,,,,,,,,,,,,,,,,,,,,,,,,,,,,,,,,,,,,,,,,,,,,,,,,,,,
EMOBON_VB_Wa_323,,,,CTD,,CTD,,CTD,,,,,,,,,,,,,,,,,,,,,,,,,,,,,,,,,,,,,,,,,,,,,,,,,,,,,,,,,,,,,,,
EMOBON_VB_Wa_324,,,,CTD,,CTD,,CTD,,,,,,,,,,,,,,,,,,,,,,,,,,,,,,,,,,,,,,,,,,,,,,,,,,,,,,,,,,,,,,,
EMOBON_VB_Wa_325,,,,CTD,,CTD,,CTD,,,,,,,,,,,,,,,,,,,,,,,,,,,,,,,,,,,,,,,,,,,,,,,,,,,,,,,,,,,,,,,
EMOBON_VB_Wa_326,,,,CTD,,CTD,,CTD,,,,,,,,,,,,,,,,,,,,,,,,,,,,,,,,,,,,,,,,,,,,,,,,,,,,,,,,,,,,,,,
EMOBON_VB_Wa_327,,,,CTD,,CTD,,CTD,,,,,,,,,,,,,,,,,,,,,,,,,,,,,,,,,,,,,,,,,,,,,,,,,,,,,,,,,,,,,,,
EMOBON_VB_Wa_328,,,,CTD,,CTD,,CTD,,,,,,,,,,,,,,,,,,,,,,,,,,,,,,,,,,,,,,,,,,,,,,,,,,,,,,,,,,,,,,,
EMOBON_VB_Wa_329,,,,CTD,,CTD,,CTD,,,,,,,,,,,,,,,,,,,,,,,,,,,,,,,,,,,,,,,,,,,,,,,,,,,,,,,,,,,,,,,
EMOBON_VB_Wa_330,,,,CTD,,CTD,,CTD,,,,,,,,,,,,,,,,,,,,,,,,,,,,,,,,,,,,,,,,,,,,,,,,,,,,,,,,,,,,,,,
EMOBON_VB_Wa_331,,,,CTD,,CTD,,CTD,,,,,,,,,,,,,,,,,,,,,,,,,,,,,,,,,,,,,,,,,,,,,,,,,,,,,,,,,,,,,,,
EMOBON_VB_Wa_332,,,,CTD,,CTD,,CTD,,,,,,,,,,,,,,,,,,,,,,,,,,,,,,,,,,,,,,,,,,,,,,,,,,,,,,,,,,,,,,,
EMOBON_VB_Wa_333,,,,CTD,,CTD,,CTD,,,,,,,,,,,,,,,,,,,,,,,,,,,,,,,,,,,,,,,,,,,,,,,,,,,,,,,,,,,,,,,
EMOBON_VB_Wa_334,,,,CTD,,CTD,,CTD,,,,,,,,,,,,,,,,,,,,,,,,,,,,,,,,,,,,,,,,,,,,,,,,,,,,,,,,,,,,,,,
EMOBON_VB_Wa_335,,,,CTD,,CTD,,CTD,,,,,,,,,,,,,,,,,,,,,,,,,,,,,,,,,,,,,,,,,,,,,,,,,,,,,,,,,,,,,,,
EMOBON_VB_Wa_336,,,,CTD,,CTD,,CTD,,,,,,,,,,,,,,,,,,,,,,,,,,,,,,,,,,,,,,,,,,,,,,,,,,,,,,,,,,,,,,,
EMOBON_VB_Wa_337,,,,CTD,,CTD,,CTD,,,,,,,,,,,,,,,,,,,,,,,,,,,,,,,,,,,,,,,,,,,,,,,,,,,,,,,,,,,,,,,
EMOBON_VB_Wa_338,,,,CTD,,CTD,,CTD,,,,,,,,,,,,,,,,,,,,,,,,,,,,,,,,,,,,,,,,,,,,,,,,,,,,,,,,,,,,,,,
EMOBON_VB_Wa_339,,,,CTD,,CTD,,CTD,,,,,,,,,,,,,,,,,,,,,,,,,,,,,,,,,,,,,,,,,,,,,,,,,,,,,,,,,,,,,,,
EMOBON_VB_Wa_340,,,27.2539,CTD,26.3402,CTD,37.6556,CTD,,,,,,,,,,,,,,,,,,,,,,,,,,,,,,,,,,,,,,,,,,,,,,,,,,,,,,,,,,,,,,,
EMOBON_VB_Wa_341,,,27.2539,CTD,26.3402,CTD,37.6556,CTD,,,,,,,,,,,,,,,,,,,,,,,,,,,,,,,,,,,,,,,,,,,,,,,,,,,,,,,,,,,,,,,
EMOBON_VB_Wa_342,,,27.2539,CTD,26.3402,CTD,37.6556,CTD,,,,,,,,,,,,,,,,,,,,,,,,,,,,,,,,,,,,,,,,,,,,,,,,,,,,,,,,,,,,,,,
EMOBON_VB_Wa_343,,,27.2539,CTD,26.3402,CTD,37.6556,CTD,,,,,,,,,,,,,,,,,,,,,,,,,,,,,,,,,,,,,,,,,,,,,,,,,,,,,,,,,,,,,,,
EMOBON_VB_Wa_344,,,27.2539,CTD,26.3402,CTD,37.6556,CTD,,,,,,,,,,,,,,,,,,,,,,,,,,,,,,,,,,,,,,,,,,,,,,,,,,,,,,,,,,,,,,,
EMOBON_VB_Wa_345,,,27.2539,CTD,26.3402,CTD,37.6556,CTD,,,,,,,,,,,,,,,,,,,,,,,,,,,,,,,,,,,,,,,,,,,,,,,,,,,,,,,,,,,,,,,
EMOBON_VB_Wa_346,,,27.2539,CTD,26.3402,CTD,37.6556,CTD,,,,,,,,,,,,,,,,,,,,,,,,,,,,,,,,,,,,,,,,,,,,,,,,,,,,,,,,,,,,,,,
EMOBON_VB_Wa_347,,,27.2539,CTD,26.3402,CTD,37.6556,CTD,,,,,,,,,,,,,,,,,,,,,,,,,,,,,,,,,,,,,,,,,,,,,,,,,,,,,,,,,,,,,,,
EMOBON_VB_Wa_348,,,27.2539,CTD,26.3402,CTD,37.6556,CTD,,,,,,,,,,,,,,,,,,,,,,,,,,,,,,,,,,,,,,,,,,,,,,,,,,,,,,,,,,,,,,,
EMOBON_VB_Wa_349,,,27.2539,CTD,26.3402,CTD,37.6556,CTD,,,,,,,,,,,,,,,,,,,,,,,,,,,,,,,,,,,,,,,,,,,,,,,,,,,,,,,,,,,,,,,
EMOBON_VB_Wa_350,,,27.2539,CTD,26.3402,CTD,37.6556,CTD,,,,,,,,,,,,,,,,,,,,,,,,,,,,,,,,,,,,,,,,,,,,,,,,,,,,,,,,,,,,,,,
EMOBON_VB_Wa_351,,,27.2539,CTD,26.3402,CTD,37.6556,CTD,,,,,,,,,,,,,,,,,,,,,,,,,,,,,,,,,,,,,,,,,,,,,,,,,,,,,,,,,,,,,,,
EMOBON_VB_Wa_352,,,27.2539,CTD,26.3402,CTD,37.6556,CTD,,,,,,,,,,,,,,,,,,,,,,,,,,,,,,,,,,,,,,,,,,,,,,,,,,,,,,,,,,,,,,,
EMOBON_VB_Wa_353,,,27.2539,CTD,26.3402,CTD,37.6556,CTD,,,,,,,,,,,,,,,,,,,,,,,,,,,,,,,,,,,,,,,,,,,,,,,,,,,,,,,,,,,,,,,
EMOBON_VB_Wa_354,,,27.2539,CTD,26.3402,CTD,37.6556,CTD,,,,,,,,,,,,,,,,,,,,,,,,,,,,,,,,,,,,,,,,,,,,,,,,,,,,,,,,,,,,,,,
EMOBON_VB_Wa_355,,,27.2539,CTD,26.3402,CTD,37.6556,CTD,,,,,,,,,,,,,,,,,,,,,,,,,,,,,,,,,,,,,,,,,,,,,,,,,,,,,,,,,,,,,,,
EMOBON_VB_Wa_356,,,,CTD,,CTD,,CTD,,,,,,,,,,,,,,,,,,,,,,,,,,,,,,,,,,,,,,,,,,,,,,,,,,,,,,,,,,,,,,,
EMOBON_VB_Wa_357,,,,CTD,,CTD,,CTD,,,,,,,,,,,,,,,,,,,,,,,,,,,,,,,,,,,,,,,,,,,,,,,,,,,,,,,,,,,,,,,
EMOBON_VB_Wa_358,,,,CTD,,CTD,,CTD,,,,,,,,,,,,,,,,,,,,,,,,,,,,,,,,,,,,,,,,,,,,,,,,,,,,,,,,,,,,,,,
EMOBON_VB_Wa_359,,,,CTD,,CTD,,CTD,,,,,,,,,,,,,,,,,,,,,,,,,,,,,,,,,,,,,,,,,,,,,,,,,,,,,,,,,,,,,,,
EMOBON_VB_Wa_360,,,,CTD,,CTD,,CTD,,,,,,,,,,,,,,,,,,,,,,,,,,,,,,,,,,,,,,,,,,,,,,,,,,,,,,,,,,,,,,,
EMOBON_VB_Wa_361,,,,CTD,,CTD,,CTD,,,,,,,,,,,,,,,,,,,,,,,,,,,,,,,,,,,,,,,,,,,,,,,,,,,,,,,,,,,,,,,
EMOBON_VB_Wa_362,,,,CTD,,CTD,,CTD,,,,,,,,,,,,,,,,,,,,,,,,,,,,,,,,,,,,,,,,,,,,,,,,,,,,,,,,,,,,,,,
EMOBON_VB_Wa_363,,,,CTD,,CTD,,CTD,,,,,,,,,,,,,,,,,,,,,,,,,,,,,,,,,,,,,,,,,,,,,,,,,,,,,,,,,,,,,,,
EMOBON_VB_Wa_364,,,,CTD,,CTD,,CTD,,,,,,,,,,,,,,,,,,,,,,,,,,,,,,,,,,,,,,,,,,,,,,,,,,,,,,,,,,,,,,,
EMOBON_VB_Wa_365,,,,CTD,,CTD,,CTD,,,,,,,,,,,,,,,,,,,,,,,,,,,,,,,,,,,,,,,,,,,,,,,,,,,,,,,,,,,,,,,
EMOBON_VB_Wa_366,,,,CTD,,CTD,,CTD,,,,,,,,,,,,,,,,,,,,,,,,,,,,,,,,,,,,,,,,,,,,,,,,,,,,,,,,,,,,,,,
EMOBON_VB_Wa_367,,,,CTD,,CTD,,CTD,,,,,,,,,,,,,,,,,,,,,,,,,,,,,,,,,,,,,,,,,,,,,,,,,,,,,,,,,,,,,,,
EMOBON_VB_Wa_368,,,,CTD,,CTD,,CTD,,,,,,,,,,,,,,,,,,,,,,,,,,,,,,,,,,,,,,,,,,,,,,,,,,,,,,,,,,,,,,,
EMOBON_VB_Wa_369,,,,CTD,,CTD,,CTD,,,,,,,,,,,,,,,,,,,,,,,,,,,,,,,,,,,,,,,,,,,,,,,,,,,,,,,,,,,,,,,
EMOBON_VB_Wa_370,,,,CTD,,CTD,,CTD,,,,,,,,,,,,,,,,,,,,,,,,,,,,,,,,,,,,,,,,,,,,,,,,,,,,,,,,,,,,,,,
EMOBON_VB_Wa_371,,,,CTD,,CTD,,CTD,,,,,,,,,,,,,,,,,,,,,,,,,,,,,,,,,,,,,,,,,,,,,,,,,,,,,,,,,,,,,,,
EMOBON_VB_Wa_372,,,,CTD,,CTD,,CTD,,,,,,,,,,,,,,,,,,,,,,,,,,,,,,,,,,,,,,,,,,,,,,,,,,,,,,,,,,,,,,,
EMOBON_VB_Wa_373,,,,CTD,,CTD,,CTD,,,,,,,,,,,,,,,,,,,,,,,,,,,,,,,,,,,,,,,,,,,,,,,,,,,,,,,,,,,,,,,
EMOBON_VB_Wa_374,,,,CTD,,CTD,,CTD,,,,,,,,,,,,,,,,,,,,,,,,,,,,,,,,,,,,,,,,,,,,,,,,,,,,,,,,,,,,,,,
EMOBON_VB_Wa_375,,,,CTD,,CTD,,CTD,,,,,,,,,,,,,,,,,,,,,,,,,,,,,,,,,,,,,,,,,,,,,,,,,,,,,,,,,,,,,,,
EMOBON_VB_Wa_376,,,,CTD,,CTD,,CTD,,,,,,,,,,,,,,,,,,,,,,,,,,,,,,,,,,,,,,,,,,,,,,,,,,,,,,,,,,,,,,,
EMOBON_VB_Wa_377,,,,CTD,,CTD,,CTD,,,,,,,,,,,,,,,,,,,,,,,,,,,,,,,,,,,,,,,,,,,,,,,,,,,,,,,,,,,,,,,
EMOBON_VB_Wa_378,,,,CTD,,CTD,,CTD,,,,,,,,,,,,,,,,,,,,,,,,,,,,,,,,,,,,,,,,,,,,,,,,,,,,,,,,,,,,,,,
EMOBON_VB_Wa_379,,,,CTD,,CTD,,CTD,,,,,,,,,,,,,,,,,,,,,,,,,,,,,,,,,,,,,,,,,,,,,,,,,,,,,,,,,,,,,,,
EMOBON_VB_Wa_380,,,,CTD,,CTD,,CTD,,,,,,,,,,,,,,,,,,,,,,,,,,,,,,,,,,,,,,,,,,,,,,,,,,,,,,,,,,,,,,,
EMOBON_VB_Wa_381,,,,CTD,,CTD,,CTD,,,,,,,,,,,,,,,,,,,,,,,,,,,,,,,,,,,,,,,,,,,,,,,,,,,,,,,,,,,,,,,
EMOBON_VB_Wa_382,,,,CTD,,CTD,,CTD,,,,,,,,,,,,,,,,,,,,,,,,,,,,,,,,,,,,,,,,,,,,,,,,,,,,,,,,,,,,,,,
EMOBON_VB_Wa_383,,,,CTD,,CTD,,CTD,,,,,,,,,,,,,,,,,,,,,,,,,,,,,,,,,,,,,,,,,,,,,,,,,,,,,,,,,,,,,,,
EMOBON_VB_Wa_384,,,21.843,CTD,21.853,CTD,38.203,CTD,,,,,,,,,,,,,,,,,,,,,,,,,,,,,,,,,,,,,,,,,,,,,,,,,,,,,,,,,,,,,,,
EMOBON_VB_Wa_385,,,21.843,CTD,21.853,CTD,38.203,CTD,,,,,,,,,,,,,,,,,,,,,,,,,,,,,,,,,,,,,,,,,,,,,,,,,,,,,,,,,,,,,,,
EMOBON_VB_Wa_386,,,21.843,CTD,21.853,CTD,38.203,CTD,,,,,,,,,,,,,,,,,,,,,,,,,,,,,,,,,,,,,,,,,,,,,,,,,,,,,,,,,,,,,,,
EMOBON_VB_Wa_387,,,21.843,CTD,21.853,CTD,38.203,CTD,,,,,,,,,,,,,,,,,,,,,,,,,,,,,,,,,,,,,,,,,,,,,,,,,,,,,,,,,,,,,,,
EMOBON_VB_Wa_388,,,21.843,CTD,21.853,CTD,38.203,CTD,,,,,,,,,,,,,,,,,,,,,,,,,,,,,,,,,,,,,,,,,,,,,,,,,,,,,,,,,,,,,,,
EMOBON_VB_Wa_389,,,21.843,CTD,21.853,CTD,38.203,CTD,,,,,,,,,,,,,,,,,,,,,,,,,,,,,,,,,,,,,,,,,,,,,,,,,,,,,,,,,,,,,,,
EMOBON_VB_Wa_390,,,21.843,CTD,21.853,CTD,38.203,CTD,,,,,,,,,,,,,,,,,,,,,,,,,,,,,,,,,,,,,,,,,,,,,,,,,,,,,,,,,,,,,,,
EMOBON_VB_Wa_391,,,21.843,CTD,21.853,CTD,38.203,CTD,,,,,,,,,,,,,,,,,,,,,,,,,,,,,,,,,,,,,,,,,,,,,,,,,,,,,,,,,,,,,,,
EMOBON_VB_Wa_392,,,21.843,CTD,21.853,CTD,38.203,CTD,,,,,,,,,,,,,,,,,,,,,,,,,,,,,,,,,,,,,,,,,,,,,,,,,,,,,,,,,,,,,,,
EMOBON_VB_Wa_393,,,21.843,CTD,21.853,CTD,38.203,CTD,,,,,,,,,,,,,,,,,,,,,,,,,,,,,,,,,,,,,,,,,,,,,,,,,,,,,,,,,,,,,,,
EMOBON_VB_Wa_394,,,21.843,CTD,21.853,CTD,38.203,CTD,,,,,,,,,,,,,,,,,,,,,,,,,,,,,,,,,,,,,,,,,,,,,,,,,,,,,,,,,,,,,,,
EMOBON_VB_Wa_395,,,21.843,CTD,21.853,CTD,38.203,CTD,,,,,,,,,,,,,,,,,,,,,,,,,,,,,,,,,,,,,,,,,,,,,,,,,,,,,,,,,,,,,,,
EMOBON_VB_Wa_396,,,21.843,CTD,21.853,CTD,38.203,CTD,,,,,,,,,,,,,,,,,,,,,,,,,,,,,,,,,,,,,,,,,,,,,,,,,,,,,,,,,,,,,,,
EMOBON_VB_Wa_397,,,21.843,CTD,21.853,CTD,38.203,CTD,,,,,,,,,,,,,,,,,,,,,,,,,,,,,,,,,,,,,,,,,,,,,,,,,,,,,,,,,,,,,,,
EMOBON_VB_Wa_398,,,21.843,CTD,21.853,CTD,38.203,CTD,,,,,,,,,,,,,,,,,,,,,,,,,,,,,,,,,,,,,,,,,,,,,,,,,,,,,,,,,,,,,,,
EMOBON_VB_Wa_399,,,21.843,CTD,21.853,CTD,38.203,CTD,,,,,,,,,,,,,,,,,,,,,,,,,,,,,,,,,,,,,,,,,,,,,,,,,,,,,,,,,,,,,,,
EMOBON_VB_Wa_400,,,,CTD,,CTD,,CTD,,,,,,,,,,,,,,,,,,,,,,,,,,,,,,,,,,,,,,,,,,,,,,,,,,,,,,,,,,,,,,,
EMOBON_VB_Wa_401,,,,CTD,,CTD,,CTD,,,,,,,,,,,,,,,,,,,,,,,,,,,,,,,,,,,,,,,,,,,,,,,,,,,,,,,,,,,,,,,
EMOBON_VB_Wa_402,,,,CTD,,CTD,,CTD,,,,,,,,,,,,,,,,,,,,,,,,,,,,,,,,,,,,,,,,,,,,,,,,,,,,,,,,,,,,,,,
EMOBON_VB_Wa_403,,,,CTD,,CTD,,CTD,,,,,,,,,,,,,,,,,,,,,,,,,,,,,,,,,,,,,,,,,,,,,,,,,,,,,,,,,,,,,,,
EMOBON_VB_Wa_404,,,,CTD,,CTD,,CTD,,,,,,,,,,,,,,,,,,,,,,,,,,,,,,,,,,,,,,,,,,,,,,,,,,,,,,,,,,,,,,,
EMOBON_VB_Wa_405,,,,CTD,,CTD,,CTD,,,,,,,,,,,,,,,,,,,,,,,,,,,,,,,,,,,,,,,,,,,,,,,,,,,,,,,,,,,,,,,
EMOBON_VB_Wa_406,,,,CTD,,CTD,,CTD,,,,,,,,,,,,,,,,,,,,,,,,,,,,,,,,,,,,,,,,,,,,,,,,,,,,,,,,,,,,,,,
EMOBON_VB_Wa_407,,,,CTD,,CTD,,CTD,,,,,,,,,,,,,,,,,,,,,,,,,,,,,,,,,,,,,,,,,,,,,,,,,,,,,,,,,,,,,,,
EMOBON_VB_Wa_408,,,,CTD,,CTD,,CTD,,,,,,,,,,,,,,,,,,,,,,,,,,,,,,,,,,,,,,,,,,,,,,,,,,,,,,,,,,,,,,,
EMOBON_VB_Wa_409,,,,CTD,,CTD,,CTD,,,,,,,,,,,,,,,,,,,,,,,,,,,,,,,,,,,,,,,,,,,,,,,,,,,,,,,,,,,,,,,
EMOBON_VB_Wa_410,,,,CTD,,CTD,,CTD,,,,,,,,,,,,,,,,,,,,,,,,,,,,,,,,,,,,,,,,,,,,,,,,,,,,,,,,,,,,,,,
EMOBON_VB_Wa_411,,,,CTD,,CTD,,CTD,,,,,,,,,,,,,,,,,,,,,,,,,,,,,,,,,,,,,,,,,,,,,,,,,,,,,,,,,,,,,,,
EMOBON_VB_Wa_412,,,,CTD,,CTD,,CTD,,,,,,,,,,,,,,,,,,,,,,,,,,,,,,,,,,,,,,,,,,,,,,,,,,,,,,,,,,,,,,,
EMOBON_VB_Wa_413,,,,CTD,,CTD,,CTD,,,,,,,,,,,,,,,,,,,,,,,,,,,,,,,,,,,,,,,,,,,,,,,,,,,,,,,,,,,,,,,
EMOBON_VB_Wa_414,,,,CTD,,CTD,,CTD,,,,,,,,,,,,,,,,,,,,,,,,,,,,,,,,,,,,,,,,,,,,,,,,,,,,,,,,,,,,,,,
EMOBON_VB_Wa_415,,,,CTD,,CTD,,CTD,,,,,,,,,,,,,,,,,,,,,,,,,,,,,,,,,,,,,,,,,,,,,,,,,,,,,,,,,,,,,,,
EMOBON_VB_Wa_416,,,,CTD,,CTD,,CTD,,,,,,,,,,,,,,,,,,,,,,,,,,,,,,,,,,,,,,,,,,,,,,,,,,,,,,,,,,,,,,,
EMOBON_VB_Wa_417,,,,CTD,,CTD,,CTD,,,,,,,,,,,,,,,,,,,,,,,,,,,,,,,,,,,,,,,,,,,,,,,,,,,,,,,,,,,,,,,
EMOBON_VB_Wa_418,,,,CTD,,CTD,,CTD,,,,,,,,,,,,,,,,,,,,,,,,,,,,,,,,,,,,,,,,,,,,,,,,,,,,,,,,,,,,,,,
EMOBON_VB_Wa_419,,,,CTD,,CTD,,CTD,,,,,,,,,,,,,,,,,,,,,,,,,,,,,,,,,,,,,,,,,,,,,,,,,,,,,,,,,,,,,,,
EMOBON_VB_Wa_420,,,,CTD,,CTD,,CTD,,,,,,,,,,,,,,,,,,,,,,,,,,,,,,,,,,,,,,,,,,,,,,,,,,,,,,,,,,,,,,,
EMOBON_VB_Wa_421,,,,CTD,,CTD,,CTD,,,,,,,,,,,,,,,,,,,,,,,,,,,,,,,,,,,,,,,,,,,,,,,,,,,,,,,,,,,,,,,
EMOBON_VB_Wa_422,,,,CTD,,CTD,,CTD,,,,,,,,,,,,,,,,,,,,,,,,,,,,,,,,,,,,,,,,,,,,,,,,,,,,,,,,,,,,,,,
EMOBON_VB_Wa_423,,,,CTD,,CTD,,CTD,,,,,,,,,,,,,,,,,,,,,,,,,,,,,,,,,,,,,,,,,,,,,,,,,,,,,,,,,,,,,,,
EMOBON_VB_Wa_424,,,,CTD,,CTD,,CTD,,,,,,,,,,,,,,,,,,,,,,,,,,,,,,,,,,,,,,,,,,,,,,,,,,,,,,,,,,,,,,,
EMOBON_VB_Wa_425,,,,CTD,,CTD,,CTD,,,,,,,,,,,,,,,,,,,,,,,,,,,,,,,,,,,,,,,,,,,,,,,,,,,,,,,,,,,,,,,
EMOBON_VB_Wa_426,,,,CTD,,CTD,,CTD,,,,,,,,,,,,,,,,,,,,,,,,,,,,,,,,,,,,,,,,,,,,,,,,,,,,,,,,,,,,,,,
EMOBON_VB_Wa_427,,,,CTD,,CTD,,CTD,,,,,,,,,,,,,,,,,,,,,,,,,,,,,,,,,,,,,,,,,,,,,,,,,,,,,,,,,,,,,,,
EMOBON_VB_Wa_428,,,,CTD,,CTD,,CTD,,,,,,,,,,,,,,,,,,,,,,,,,,,,,,,,,,,,,,,,,,,,,,,,,,,,,,,,,,,,,,,
EMOBON_VB_Wa_429,,,,CTD,,CTD,,CTD,,,,,,,,,,,,,,,,,,,,,,,,,,,,,,,,,,,,,,,,,,,,,,,,,,,,,,,,,,,,,,,
EMOBON_VB_Wa_430,,,,CTD,,CTD,,CTD,,,,,,,,,,,,,,,,,,,,,,,,,,,,,,,,,,,,,,,,,,,,,,,,,,,,,,,,,,,,,,,
EMOBON_VB_Wa_431,,,,CTD,,CTD,,CTD,,,,,,,,,,,,,,,,,,,,,,,,,,,,,,,,,,,,,,,,,,,,,,,,,,,,,,,,,,,,,,,
EMOBON_VB_Wa_432,,,,CTD,,CTD,,CTD,,,,,,,,,,,,,,,,,,,,,,,,,,,,,,,,,,,,,,,,,,,,,,,,,,,,,,,,,,,,,,,
EMOBON_VB_Wa_433,,,,CTD,,CTD,,CTD,,,,,,,,,,,,,,,,,,,,,,,,,,,,,,,,,,,,,,,,,,,,,,,,,,,,,,,,,,,,,,,
EMOBON_VB_Wa_434,,,,CTD,,CTD,,CTD,,,,,,,,,,,,,,,,,,,,,,,,,,,,,,,,,,,,,,,,,,,,,,,,,,,,,,,,,,,,,,,
EMOBON_VB_Wa_435,,,17.5606,CTD,17.563,CTD,38.2307,CTD,,,,,,,,,,,,,,,,,,,,,,,,,,,,,,,,,,,,,,,,,,,,,,,,,,,,,,,,,,,,,,,
EMOBON_VB_Wa_436,,,17.5606,CTD,17.563,CTD,38.2307,CTD,,,,,,,,,,,,,,,,,,,,,,,,,,,,,,,,,,,,,,,,,,,,,,,,,,,,,,,,,,,,,,,
EMOBON_VB_Wa_437,,,17.5606,CTD,17.563,CTD,38.2307,CTD,,,,,,,,,,,,,,,,,,,,,,,,,,,,,,,,,,,,,,,,,,,,,,,,,,,,,,,,,,,,,,,
EMOBON_VB_Wa_438,,,17.5606,CTD,17.563,CTD,38.2307,CTD,,,,,,,,,,,,,,,,,,,,,,,,,,,,,,,,,,,,,,,,,,,,,,,,,,,,,,,,,,,,,,,
EMOBON_VB_Wa_439,,,17.5606,CTD,17.563,CTD,38.2307,CTD,,,,,,,,,,,,,,,,,,,,,,,,,,,,,,,,,,,,,,,,,,,,,,,,,,,,,,,,,,,,,,,
EMOBON_VB_Wa_440,,,17.5606,CTD,17.563,CTD,38.2307,CTD,,,,,,,,,,,,,,,,,,,,,,,,,,,,,,,,,,,,,,,,,,,,,,,,,,,,,,,,,,,,,,,
EMOBON_VB_Wa_441,,,17.5606,CTD,17.563,CTD,38.2307,CTD,,,,,,,,,,,,,,,,,,,,,,,,,,,,,,,,,,,,,,,,,,,,,,,,,,,,,,,,,,,,,,,
EMOBON_VB_Wa_442,,,17.5606,CTD,17.563,CTD,38.2307,CTD,,,,,,,,,,,,,,,,,,,,,,,,,,,,,,,,,,,,,,,,,,,,,,,,,,,,,,,,,,,,,,,
EMOBON_VB_Wa_443,,,17.5606,CTD,17.563,CTD,38.2307,CTD,,,,,,,,,,,,,,,,,,,,,,,,,,,,,,,,,,,,,,,,,,,,,,,,,,,,,,,,,,,,,,,
EMOBON_VB_Wa_444,,,17.5606,CTD,17.563,CTD,38.2307,CTD,,,,,,,,,,,,,,,,,,,,,,,,,,,,,,,,,,,,,,,,,,,,,,,,,,,,,,,,,,,,,,,
EMOBON_VB_Wa_445,,,17.5606,CTD,17.563,CTD,38.2307,CTD,,,,,,,,,,,,,,,,,,,,,,,,,,,,,,,,,,,,,,,,,,,,,,,,,,,,,,,,,,,,,,,
EMOBON_VB_Wa_446,,,17.5606,CTD,17.563,CTD,38.2307,CTD,,,,,,,,,,,,,,,,,,,,,,,,,,,,,,,,,,,,,,,,,,,,,,,,,,,,,,,,,,,,,,,
EMOBON_VB_Wa_447,,,17.5606,CTD,17.563,CTD,38.2307,CTD,,,,,,,,,,,,,,,,,,,,,,,,,,,,,,,,,,,,,,,,,,,,,,,,,,,,,,,,,,,,,,,
EMOBON_VB_Wa_448,,,17.5606,CTD,17.563,CTD,38.2307,CTD,,,,,,,,,,,,,,,,,,,,,,,,,,,,,,,,,,,,,,,,,,,,,,,,,,,,,,,,,,,,,,,
EMOBON_VB_Wa_449,,,17.5606,CTD,17.563,CTD,38.2307,CTD,,,,,,,,,,,,,,,,,,,,,,,,,,,,,,,,,,,,,,,,,,,,,,,,,,,,,,,,,,,,,,,
EMOBON_VB_Wa_450,,,17.5606,CTD,17.563,CTD,38.2307,CTD,,,,,,,,,,,,,,,,,,,,,,,,,,,,,,,,,,,,,,,,,,,,,,,,,,,,,,,,,,,,,,,
EMOBON_VB_Wa_451,,,,CTD,,CTD,,CTD,,,,,,,,,,,,,,,,,,,,,,,,,,,,,,,,,,,,,,,,,,,,,,,,,,,,,,,,,,,,,,,
EMOBON_VB_Wa_452,,,,CTD,,CTD,,CTD,,,,,,,,,,,,,,,,,,,,,,,,,,,,,,,,,,,,,,,,,,,,,,,,,,,,,,,,,,,,,,,
EMOBON_VB_Wa_453,,,,CTD,,CTD,,CTD,,,,,,,,,,,,,,,,,,,,,,,,,,,,,,,,,,,,,,,,,,,,,,,,,,,,,,,,,,,,,,,
EMOBON_VB_Wa_454,,,,CTD,,CTD,,CTD,,,,,,,,,,,,,,,,,,,,,,,,,,,,,,,,,,,,,,,,,,,,,,,,,,,,,,,,,,,,,,,
EMOBON_VB_Wa_455,,,,CTD,,CTD,,CTD,,,,,,,,,,,,,,,,,,,,,,,,,,,,,,,,,,,,,,,,,,,,,,,,,,,,,,,,,,,,,,,
EMOBON_VB_Wa_456,,,,CTD,,CTD,,CTD,,,,,,,,,,,,,,,,,,,,,,,,,,,,,,,,,,,,,,,,,,,,,,,,,,,,,,,,,,,,,,,
EMOBON_VB_Wa_457,,,,CTD,,CTD,,CTD,,,,,,,,,,,,,,,,,,,,,,,,,,,,,,,,,,,,,,,,,,,,,,,,,,,,,,,,,,,,,,,
EMOBON_VB_Wa_458,,,,CTD,,CTD,,CTD,,,,,,,,,,,,,,,,,,,,,,,,,,,,,,,,,,,,,,,,,,,,,,,,,,,,,,,,,,,,,,,
EMOBON_VB_Wa_459,,,,CTD,,CTD,,CTD,,,,,,,,,,,,,,,,,,,,,,,,,,,,,,,,,,,,,,,,,,,,,,,,,,,,,,,,,,,,,,,
EMOBON_VB_Wa_460,,,,CTD,,CTD,,CTD,,,,,,,,,,,,,,,,,,,,,,,,,,,,,,,,,,,,,,,,,,,,,,,,,,,,,,,,,,,,,,,
EMOBON_VB_Wa_461,,,,CTD,,CTD,,CTD,,,,,,,,,,,,,,,,,,,,,,,,,,,,,,,,,,,,,,,,,,,,,,,,,,,,,,,,,,,,,,,
EMOBON_VB_Wa_462,,,,CTD,,CTD,,CTD,,,,,,,,,,,,,,,,,,,,,,,,,,,,,,,,,,,,,,,,,,,,,,,,,,,,,,,,,,,,,,,
EMOBON_VB_Wa_463,,,,CTD,,CTD,,CTD,,,,,,,,,,,,,,,,,,,,,,,,,,,,,,,,,,,,,,,,,,,,,,,,,,,,,,,,,,,,,,,
EMOBON_VB_Wa_464,,,,CTD,,CTD,,CTD,,,,,,,,,,,,,,,,,,,,,,,,,,,,,,,,,,,,,,,,,,,,,,,,,,,,,,,,,,,,,,,
EMOBON_VB_Wa_465,,,,CTD,,CTD,,CTD,,,,,,,,,,,,,,,,,,,,,,,,,,,,,,,,,,,,,,,,,,,,,,,,,,,,,,,,,,,,,,,
EMOBON_VB_Wa_466,,,,CTD,,CTD,,CTD,,,,,,,,,,,,,,,,,,,,,,,,,,,,,,,,,,,,,,,,,,,,,,,,,,,,,,,,,,,,,,,
EMOBON_VB_Wa_467,,,,CTD,,CTD,,CTD,,,,,,,,,,,,,,,,,,,,,,,,,,,,,,,,,,,,,,,,,,,,,,,,,,,,,,,,,,,,,,,
EMOBON_VB_Wa_468,,,,CTD,,CTD,,CTD,,,,,,,,,,,,,,,,,,,,,,,,,,,,,,,,,,,,,,,,,,,,,,,,,,,,,,,,,,,,,,,
EMOBON_VB_Wa_469,,,,CTD,,CTD,,CTD,,,,,,,,,,,,,,,,,,,,,,,,,,,,,,,,,,,,,,,,,,,,,,,,,,,,,,,,,,,,,,,
EMOBON_VB_Wa_470,,,,CTD,,CTD,,CTD,,,,,,,,,,,,,,,,,,,,,,,,,,,,,,,,,,,,,,,,,,,,,,,,,,,,,,,,,,,,,,,
EMOBON_VB_Wa_471,,,,CTD,,CTD,,CTD,,,,,,,,,,,,,,,,,,,,,,,,,,,,,,,,,,,,,,,,,,,,,,,,,,,,,,,,,,,,,,,
EMOBON_VB_Wa_472,,,,CTD,,CTD,,CTD,,,,,,,,,,,,,,,,,,,,,,,,,,,,,,,,,,,,,,,,,,,,,,,,,,,,,,,,,,,,,,,
EMOBON_VB_Wa_473,,,,CTD,,CTD,,CTD,,,,,,,,,,,,,,,,,,,,,,,,,,,,,,,,,,,,,,,,,,,,,,,,,,,,,,,,,,,,,,,
EMOBON_VB_Wa_474,,,,CTD,,CTD,,CTD,,,,,,,,,,,,,,,,,,,,,,,,,,,,,,,,,,,,,,,,,,,,,,,,,,,,,,,,,,,,,,,
EMOBON_VB_Wa_475,,,,CTD,,CTD,,CTD,,,,,,,,,,,,,,,,,,,,,,,,,,,,,,,,,,,,,,,,,,,,,,,,,,,,,,,,,,,,,,,
EMOBON_VB_Wa_476,,,,CTD,,CTD,,CTD,,,,,,,,,,,,,,,,,,,,,,,,,,,,,,,,,,,,,,,,,,,,,,,,,,,,,,,,,,,,,,,
EMOBON_VB_Wa_477,,,,CTD,,CTD,,CTD,,,,,,,,,,,,,,,,,,,,,,,,,,,,,,,,,,,,,,,,,,,,,,,,,,,,,,,,,,,,,,,
EMOBON_VB_Wa_478,,,,CTD,,CTD,,CTD,,,,,,,,,,,,,,,,,,,,,,,,,,,,,,,,,,,,,,,,,,,,,,,,,,,,,,,,,,,,,,,
EMOBON_VB_Wa_479,,,,CTD,,CTD,,CTD,,,,,,,,,,,,,,,,,,,,,,,,,,,,,,,,,,,,,,,,,,,,,,,,,,,,,,,,,,,,,,,
EMOBON_VB_Wa_480,,,,CTD,,CTD,,CTD,,,,,,,,,,,,,,,,,,,,,,,,,,,,,,,,,,,,,,,,,,,,,,,,,,,,,,,,,,,,,,,
EMOBON_VB_Wa_481,,,,CTD,,CTD,,CTD,,,,,,,,,,,,,,,,,,,,,,,,,,,,,,,,,,,,,,,,,,,,,,,,,,,,,,,,,,,,,,,
EMOBON_VB_Wa_482,,,,CTD,,CTD,,CTD,,,,,,,,,,,,,,,,,,,,,,,,,,,,,,,,,,,,,,,,,,,,,,,,,,,,,,,,,,,,,,,
EMOBON_VB_Wa_483,,,,CTD,,CTD,,CTD,,,,,,,,,,,,,,,,,,,,,,,,,,,,,,,,,,,,,,,,,,,,,,,,,,,,,,,,,,,,,,,
EMOBON_VB_Wa_484,,,,CTD,,CTD,,CTD,,,,,,,,,,,,,,,,,,,,,,,,,,,,,,,,,,,,,,,,,,,,,,,,,,,,,,,,,,,,,,,
EMOBON_VB_Wa_485,,,,CTD,,CTD,,CTD,,,,,,,,,,,,,,,,,,,,,,,,,,,,,,,,,,,,,,,,,,,,,,,,,,,,,,,,,,,,,,,
EMOBON_VB_Wa_486,,,,CTD,,CTD,,CTD,,,,,,,,,,,,,,,,,,,,,,,,,,,,,,,,,,,,,,,,,,,,,,,,,,,,,,,,,,,,,,,
EMOBON_VB_Wa_487,,,,CTD,,CTD,,CTD,,,,,,,,,,,,,,,,,,,,,,,,,,,,,,,,,,,,,,,,,,,,,,,,,,,,,,,,,,,,,,,
EMOBON_VB_Wa_488,,,,CTD,,CTD,,CTD,,,,,,,,,,,,,,,,,,,,,,,,,,,,,,,,,,,,,,,,,,,,,,,,,,,,,,,,,,,,,,,
EMOBON_VB_Wa_489,,,,CTD,,CTD,,CTD,,,,,,,,,,,,,,,,,,,,,,,,,,,,,,,,,,,,,,,,,,,,,,,,,,,,,,,,,,,,,,,
EMOBON_VB_Wa_490,,,,CTD,,CTD,,CTD,,,,,,,,,,,,,,,,,,,,,,,,,,,,,,,,,,,,,,,,,,,,,,,,,,,,,,,,,,,,,,,
EMOBON_VB_Wa_491,,,,CTD,,CTD,,CTD,,,,,,,,,,,,,,,,,,,,,,,,,,,,,,,,,,,,,,,,,,,,,,,,,,,,,,,,,,,,,,,
EMOBON_VB_Wa_492,,,,CTD,,CTD,,CTD,,,,,,,,,,,,,,,,,,,,,,,,,,,,,,,,,,,,,,,,,,,,,,,,,,,,,,,,,,,,,,,
EMOBON_VB_Wa_493,,,,CTD,,CTD,,CTD,,,,,,,,,,,,,,,,,,,,,,,,,,,,,,,,,,,,,,,,,,,,,,,,,,,,,,,,,,,,,,,
EMOBON_VB_Wa_494,,,,CTD,,CTD,,CTD,,,,,,,,,,,,,,,,,,,,,,,,,,,,,,,,,,,,,,,,,,,,,,,,,,,,,,,,,,,,,,,
EMOBON_VB_Wa_495,,,13.8062,CTD,13.8252,CTD,38.2252,CTD,,,,,,,,,,,,,,,,,,,,,,,,,,,,,,,,,,,,,,,,,,,,,,,,,,,,,,,,,,,,,,,
EMOBON_VB_Wa_496,,,13.8062,CTD,13.8252,CTD,38.2252,CTD,,,,,,,,,,,,,,,,,,,,,,,,,,,,,,,,,,,,,,,,,,,,,,,,,,,,,,,,,,,,,,,
EMOBON_VB_Wa_497,,,13.8062,CTD,13.8252,CTD,38.2252,CTD,,,,,,,,,,,,,,,,,,,,,,,,,,,,,,,,,,,,,,,,,,,,,,,,,,,,,,,,,,,,,,,
EMOBON_VB_Wa_498,,,13.8062,CTD,13.8252,CTD,38.2252,CTD,,,,,,,,,,,,,,,,,,,,,,,,,,,,,,,,,,,,,,,,,,,,,,,,,,,,,,,,,,,,,,,
EMOBON_VB_Wa_499,,,13.8062,CTD,13.8252,CTD,38.2252,CTD,,,,,,,,,,,,,,,,,,,,,,,,,,,,,,,,,,,,,,,,,,,,,,,,,,,,,,,,,,,,,,,
EMOBON_VB_Wa_500,,,13.8062,CTD,13.8252,CTD,38.2252,CTD,,,,,,,,,,,,,,,,,,,,,,,,,,,,,,,,,,,,,,,,,,,,,,,,,,,,,,,,,,,,,,,
EMOBON_VB_Wa_501,,,13.8062,CTD,13.8252,CTD,38.2252,CTD,,,,,,,,,,,,,,,,,,,,,,,,,,,,,,,,,,,,,,,,,,,,,,,,,,,,,,,,,,,,,,,
EMOBON_VB_Wa_502,,,13.8062,CTD,13.8252,CTD,38.2252,CTD,,,,,,,,,,,,,,,,,,,,,,,,,,,,,,,,,,,,,,,,,,,,,,,,,,,,,,,,,,,,,,,
EMOBON_VB_Wa_503,,,13.8062,CTD,13.8252,CTD,38.2252,CTD,,,,,,,,,,,,,,,,,,,,,,,,,,,,,,,,,,,,,,,,,,,,,,,,,,,,,,,,,,,,,,,
EMOBON_VB_Wa_504,,,13.8062,CTD,13.8252,CTD,38.2252,CTD,,,,,,,,,,,,,,,,,,,,,,,,,,,,,,,,,,,,,,,,,,,,,,,,,,,,,,,,,,,,,,,
EMOBON_VB_Wa_505,,,13.8062,CTD,13.8252,CTD,38.2252,CTD,,,,,,,,,,,,,,,,,,,,,,,,,,,,,,,,,,,,,,,,,,,,,,,,,,,,,,,,,,,,,,,
EMOBON_VB_Wa_506,,,13.8062,CTD,13.8252,CTD,38.2252,CTD,,,,,,,,,,,,,,,,,,,,,,,,,,,,,,,,,,,,,,,,,,,,,,,,,,,,,,,,,,,,,,,
EMOBON_VB_Wa_507,,,,CTD,,CTD,,CTD,,,,,,,,,,,,,,,,,,,,,,,,,,,,,,,,,,,,,,,,,,,,,,,,,,,,,,,,,,,,,,,
EMOBON_VB_Wa_508,,,,CTD,,CTD,,CTD,,,,,,,,,,,,,,,,,,,,,,,,,,,,,,,,,,,,,,,,,,,,,,,,,,,,,,,,,,,,,,,
EMOBON_VB_Wa_509,,,,CTD,,CTD,,CTD,,,,,,,,,,,,,,,,,,,,,,,,,,,,,,,,,,,,,,,,,,,,,,,,,,,,,,,,,,,,,,,
EMOBON_VB_Wa_510,,,,CTD,,CTD,,CTD,,,,,,,,,,,,,,,,,,,,,,,,,,,,,,,,,,,,,,,,,,,,,,,,,,,,,,,,,,,,,,,
EMOBON_VB_Wa_511,,,,CTD,,CTD,,CTD,,,,,,,,,,,,,,,,,,,,,,,,,,,,,,,,,,,,,,,,,,,,,,,,,,,,,,,,,,,,,,,
EMOBON_VB_Wa_512,,,,CTD,,CTD,,CTD,,,,,,,,,,,,,,,,,,,,,,,,,,,,,,,,,,,,,,,,,,,,,,,,,,,,,,,,,,,,,,,
EMOBON_VB_Wa_513,,,,CTD,,CTD,,CTD,,,,,,,,,,,,,,,,,,,,,,,,,,,,,,,,,,,,,,,,,,,,,,,,,,,,,,,,,,,,,,,
EMOBON_VB_Wa_514,,,,CTD,,CTD,,CTD,,,,,,,,,,,,,,,,,,,,,,,,,,,,,,,,,,,,,,,,,,,,,,,,,,,,,,,,,,,,,,,
EMOBON_VB_Wa_515,,,,CTD,,CTD,,CTD,,,,,,,,,,,,,,,,,,,,,,,,,,,,,,,,,,,,,,,,,,,,,,,,,,,,,,,,,,,,,,,
EMOBON_VB_Wa_516,,,,CTD,,CTD,,CTD,,,,,,,,,,,,,,,,,,,,,,,,,,,,,,,,,,,,,,,,,,,,,,,,,,,,,,,,,,,,,,,
EMOBON_VB_Wa_517,,,,CTD,,CTD,,CTD,,,,,,,,,,,,,,,,,,,,,,,,,,,,,,,,,,,,,,,,,,,,,,,,,,,,,,,,,,,,,,,
EMOBON_VB_Wa_518,,,,CTD,,CTD,,CTD,,,,,,,,,,,,,,,,,,,,,,,,,,,,,,,,,,,,,,,,,,,,,,,,,,,,,,,,,,,,,,,
EMOBON_VB_Wa_519,,,,CTD,,CTD,,CTD,,,,,,,,,,,,,,,,,,,,,,,,,,,,,,,,,,,,,,,,,,,,,,,,,,,,,,,,,,,,,,,
EMOBON_VB_Wa_520,,,,CTD,,CTD,,CTD,,,,,,,,,,,,,,,,,,,,,,,,,,,,,,,,,,,,,,,,,,,,,,,,,,,,,,,,,,,,,,,
EMOBON_VB_Wa_521,,,,CTD,,CTD,,CTD,,,,,,,,,,,,,,,,,,,,,,,,,,,,,,,,,,,,,,,,,,,,,,,,,,,,,,,,,,,,,,,
EMOBON_VB_Wa_522,,,,CTD,,CTD,,CTD,,,,,,,,,,,,,,,,,,,,,,,,,,,,,,,,,,,,,,,,,,,,,,,,,,,,,,,,,,,,,,,
EMOBON_VB_Wa_523,,,,CTD,,CTD,,CTD,,,,,,,,,,,,,,,,,,,,,,,,,,,,,,,,,,,,,,,,,,,,,,,,,,,,,,,,,,,,,,,
EMOBON_VB_Wa_524,,,,CTD,,CTD,,CTD,,,,,,,,,,,,,,,,,,,,,,,,,,,,,,,,,,,,,,,,,,,,,,,,,,,,,,,,,,,,,,,
EMOBON_VB_Wa_525,,,,CTD,,CTD,,CTD,,,,,,,,,,,,,,,,,,,,,,,,,,,,,,,,,,,,,,,,,,,,,,,,,,,,,,,,,,,,,,,
EMOBON_VB_Wa_526,,,,CTD,,CTD,,CTD,,,,,,,,,,,,,,,,,,,,,,,,,,,,,,,,,,,,,,,,,,,,,,,,,,,,,,,,,,,,,,,
EMOBON_VB_Wa_527,,,,CTD,,CTD,,CTD,,,,,,,,,,,,,,,,,,,,,,,,,,,,,,,,,,,,,,,,,,,,,,,,,,,,,,,,,,,,,,,
EMOBON_VB_Wa_528,,,,CTD,,CTD,,CTD,,,,,,,,,,,,,,,,,,,,,,,,,,,,,,,,,,,,,,,,,,,,,,,,,,,,,,,,,,,,,,,
EMOBON_VB_Wa_529,,,,CTD,,CTD,,CTD,,,,,,,,,,,,,,,,,,,,,,,,,,,,,,,,,,,,,,,,,,,,,,,,,,,,,,,,,,,,,,,
EMOBON_VB_Wa_530,,,,CTD,,CTD,,CTD,,,,,,,,,,,,,,,,,,,,,,,,,,,,,,,,,,,,,,,,,,,,,,,,,,,,,,,,,,,,,,,
EMOBON_VB_Wa_531,,,15.956,CTD,15.5278,CTD,38.1439,CTD,,,,,,,,,,,,,,,,,,,,,,,,,,,,,,,,,,,,,,,,,,,,,,,,,,,,,,,,,,,,,,,
EMOBON_VB_Wa_532,,,15.956,CTD,15.5278,CTD,38.1439,CTD,,,,,,,,,,,,,,,,,,,,,,,,,,,,,,,,,,,,,,,,,,,,,,,,,,,,,,,,,,,,,,,
EMOBON_VB_Wa_533,,,15.956,CTD,15.5278,CTD,38.1439,CTD,,,,,,,,,,,,,,,,,,,,,,,,,,,,,,,,,,,,,,,,,,,,,,,,,,,,,,,,,,,,,,,
EMOBON_VB_Wa_534,,,15.956,CTD,15.5278,CTD,38.1439,CTD,,,,,,,,,,,,,,,,,,,,,,,,,,,,,,,,,,,,,,,,,,,,,,,,,,,,,,,,,,,,,,,
EMOBON_VB_Wa_535,,,15.956,CTD,15.5278,CTD,38.1439,CTD,,,,,,,,,,,,,,,,,,,,,,,,,,,,,,,,,,,,,,,,,,,,,,,,,,,,,,,,,,,,,,,
EMOBON_VB_Wa_536,,,15.956,CTD,15.5278,CTD,38.1439,CTD,,,,,,,,,,,,,,,,,,,,,,,,,,,,,,,,,,,,,,,,,,,,,,,,,,,,,,,,,,,,,,,
EMOBON_VB_Wa_537,,,15.956,CTD,15.5278,CTD,38.1439,CTD,,,,,,,,,,,,,,,,,,,,,,,,,,,,,,,,,,,,,,,,,,,,,,,,,,,,,,,,,,,,,,,
EMOBON_VB_Wa_538,,,15.956,CTD,15.5278,CTD,38.1439,CTD,,,,,,,,,,,,,,,,,,,,,,,,,,,,,,,,,,,,,,,,,,,,,,,,,,,,,,,,,,,,,,,
EMOBON_VB_Wa_539,,,15.956,CTD,15.5278,CTD,38.1439,CTD,,,,,,,,,,,,,,,,,,,,,,,,,,,,,,,,,,,,,,,,,,,,,,,,,,,,,,,,,,,,,,,
EMOBON_VB_Wa_540,,,15.956,CTD,15.5278,CTD,38.1439,CTD,,,,,,,,,,,,,,,,,,,,,,,,,,,,,,,,,,,,,,,,,,,,,,,,,,,,,,,,,,,,,,,
EMOBON_VB_Wa_541,,,15.956,CTD,15.5278,CTD,38.1439,CTD,,,,,,,,,,,,,,,,,,,,,,,,,,,,,,,,,,,,,,,,,,,,,,,,,,,,,,,,,,,,,,,
EMOBON_VB_Wa_542,,,15.956,CTD,15.5278,CTD,38.1439,CTD,,,,,,,,,,,,,,,,,,,,,,,,,,,,,,,,,,,,,,,,,,,,,,,,,,,,,,,,,,,,,,,
EMOBON_VB_Wa_543,,,,CTD,,CTD,,CTD,,,,,,,,,,,,,,,,,,,,,,,,,,,,,,,,,,,,,,,,,,,,,,,,,,,,,,,,,,,,,,,
EMOBON_VB_Wa_544,,,,CTD,,CTD,,CTD,,,,,,,,,,,,,,,,,,,,,,,,,,,,,,,,,,,,,,,,,,,,,,,,,,,,,,,,,,,,,,,
EMOBON_VB_Wa_545,,,,CTD,,CTD,,CTD,,,,,,,,,,,,,,,,,,,,,,,,,,,,,,,,,,,,,,,,,,,,,,,,,,,,,,,,,,,,,,,
EMOBON_VB_Wa_546,,,,CTD,,CTD,,CTD,,,,,,,,,,,,,,,,,,,,,,,,,,,,,,,,,,,,,,,,,,,,,,,,,,,,,,,,,,,,,,,
EMOBON_VB_Wa_547,,,,CTD,,CTD,,CTD,,,,,,,,,,,,,,,,,,,,,,,,,,,,,,,,,,,,,,,,,,,,,,,,,,,,,,,,,,,,,,,
EMOBON_VB_Wa_548,,,,CTD,,CTD,,CTD,,,,,,,,,,,,,,,,,,,,,,,,,,,,,,,,,,,,,,,,,,,,,,,,,,,,,,,,,,,,,,,
EMOBON_VB_Wa_549,,,,CTD,,CTD,,CTD,,,,,,,,,,,,,,,,,,,,,,,,,,,,,,,,,,,,,,,,,,,,,,,,,,,,,,,,,,,,,,,
EMOBON_VB_Wa_550,,,,CTD,,CTD,,CTD,,,,,,,,,,,,,,,,,,,,,,,,,,,,,,,,,,,,,,,,,,,,,,,,,,,,,,,,,,,,,,,
EMOBON_VB_Wa_551,,,,CTD,,CTD,,CTD,,,,,,,,,,,,,,,,,,,,,,,,,,,,,,,,,,,,,,,,,,,,,,,,,,,,,,,,,,,,,,,
EMOBON_VB_Wa_552,,,,CTD,,CTD,,CTD,,,,,,,,,,,,,,,,,,,,,,,,,,,,,,,,,,,,,,,,,,,,,,,,,,,,,,,,,,,,,,,
EMOBON_VB_Wa_553,,,21.0625,CTD,19.1985,CTD,38.0002,CTD,,,,,,,,,,,,,,,,,,,,,,,,,,,,,,,,,,,,,,,,,,,,,,,,,,,,,,,,,,,,,,,
EMOBON_VB_Wa_554,,,21.0625,CTD,19.1985,CTD,38.0002,CTD,,,,,,,,,,,,,,,,,,,,,,,,,,,,,,,,,,,,,,,,,,,,,,,,,,,,,,,,,,,,,,,
EMOBON_VB_Wa_555,,,21.0625,CTD,19.1985,CTD,38.0002,CTD,,,,,,,,,,,,,,,,,,,,,,,,,,,,,,,,,,,,,,,,,,,,,,,,,,,,,,,,,,,,,,,
EMOBON_VB_Wa_556,,,21.0625,CTD,19.1985,CTD,38.0002,CTD,,,,,,,,,,,,,,,,,,,,,,,,,,,,,,,,,,,,,,,,,,,,,,,,,,,,,,,,,,,,,,,
EMOBON_VB_Wa_557,,,,CTD,,CTD,,CTD,,,,,,,,,,,,,,,,,,,,,,,,,,,,,,,,,,,,,,,,,,,,,,,,,,,,,,,,,,,,,,,
EMOBON_VB_Wa_558,,,,CTD,,CTD,,CTD,,,,,,,,,,,,,,,,,,,,,,,,,,,,,,,,,,,,,,,,,,,,,,,,,,,,,,,,,,,,,,,
EMOBON_VB_Wa_559,,,,CTD,,CTD,,CTD,,,,,,,,,,,,,,,,,,,,,,,,,,,,,,,,,,,,,,,,,,,,,,,,,,,,,,,,,,,,,,,
EMOBON_VB_Wa_560,,,,CTD,,CTD,,CTD,,,,,,,,,,,,,,,,,,,,,,,,,,,,,,,,,,,,,,,,,,,,,,,,,,,,,,,,,,,,,,,
EMOBON_VB_Wa_561,,,,CTD,,CTD,,CTD,,,,,,,,,,,,,,,,,,,,,,,,,,,,,,,,,,,,,,,,,,,,,,,,,,,,,,,,,,,,,,,
EMOBON_VB_Wa_562,,,,CTD,,CTD,,CTD,,,,,,,,,,,,,,,,,,,,,,,,,,,,,,,,,,,,,,,,,,,,,,,,,,,,,,,,,,,,,,,
EMOBON_VB_Wa_563,,,,CTD,,CTD,,CTD,,,,,,,,,,,,,,,,,,,,,,,,,,,,,,,,,,,,,,,,,,,,,,,,,,,,,,,,,,,,,,,
EMOBON_VB_Wa_564,,,,CTD,,CTD,,CTD,,,,,,,,,,,,,,,,,,,,,,,,,,,,,,,,,,,,,,,,,,,,,,,,,,,,,,,,,,,,,,,
EMOBON_VB_Wa_565,,,,CTD,,CTD,,CTD,,,,,,,,,,,,,,,,,,,,,,,,,,,,,,,,,,,,,,,,,,,,,,,,,,,,,,,,,,,,,,,
EMOBON_VB_Wa_566,,,,CTD,,CTD,,CTD,,,,,,,,,,,,,,,,,,,,,,,,,,,,,,,,,,,,,,,,,,,,,,,,,,,,,,,,,,,,,,,
EMOBON_VB_Wa_567,,,,CTD,,CTD,,CTD,,,,,,,,,,,,,,,,,,,,,,,,,,,,,,,,,,,,,,,,,,,,,,,,,,,,,,,,,,,,,,,
EMOBON_VB_Wa_568,,,,CTD,,CTD,,CTD,,,,,,,,,,,,,,,,,,,,,,,,,,,,,,,,,,,,,,,,,,,,,,,,,,,,,,,,,,,,,,,
EMOBON_VB_Wa_569,,,,CTD,,CTD,,CTD,,,,,,,,,,,,,,,,,,,,,,,,,,,,,,,,,,,,,,,,,,,,,,,,,,,,,,,,,,,,,,,
EMOBON_VB_Wa_570,,,,CTD,,CTD,,CTD,,,,,,,,,,,,,,,,,,,,,,,,,,,,,,,,,,,,,,,,,,,,,,,,,,,,,,,,,,,,,,,
EMOBON_VB_Wa_571,,,,CTD,,CTD,,CTD,,,,,,,,,,,,,,,,,,,,,,,,,,,,,,,,,,,,,,,,,,,,,,,,,,,,,,,,,,,,,,,
EMOBON_VB_Wa_572,,,,CTD,,CTD,,CTD,,,,,,,,,,,,,,,,,,,,,,,,,,,,,,,,,,,,,,,,,,,,,,,,,,,,,,,,,,,,,,,
EMOBON_VB_Wa_573,,,,CTD,,CTD,,CTD,,,,,,,,,,,,,,,,,,,,,,,,,,,,,,,,,,,,,,,,,,,,,,,,,,,,,,,,,,,,,,,
EMOBON_VB_Wa_574,,,26.1244,CTD,26.1541,CTD,38.0727,CTD,,,,,,,,,,,,,,,,,,,,,,,,,,,,,,,,,,,,,,,,,,,,,,,,,,,,,,,,,,,,,,,
EMOBON_VB_Wa_575,,,26.1244,CTD,26.1541,CTD,38.0727,CTD,,,,,,,,,,,,,,,,,,,,,,,,,,,,,,,,,,,,,,,,,,,,,,,,,,,,,,,,,,,,,,,
EMOBON_VB_Wa_576,,,26.1244,CTD,26.1541,CTD,38.0727,CTD,,,,,,,,,,,,,,,,,,,,,,,,,,,,,,,,,,,,,,,,,,,,,,,,,,,,,,,,,,,,,,,
EMOBON_VB_Wa_577,,,26.1244,CTD,26.1541,CTD,38.0727,CTD,,,,,,,,,,,,,,,,,,,,,,,,,,,,,,,,,,,,,,,,,,,,,,,,,,,,,,,,,,,,,,,
EMOBON_VB_Wa_578,,,26.1244,CTD,26.1541,CTD,38.0727,CTD,,,,,,,,,,,,,,,,,,,,,,,,,,,,,,,,,,,,,,,,,,,,,,,,,,,,,,,,,,,,,,,
EMOBON_VB_Wa_579,,,26.1244,CTD,26.1541,CTD,38.0727,CTD,,,,,,,,,,,,,,,,,,,,,,,,,,,,,,,,,,,,,,,,,,,,,,,,,,,,,,,,,,,,,,,
EMOBON_VB_Wa_580,,,26.1244,CTD,26.1541,CTD,38.0727,CTD,,,,,,,,,,,,,,,,,,,,,,,,,,,,,,,,,,,,,,,,,,,,,,,,,,,,,,,,,,,,,,,
EMOBON_VB_Wa_581,,,26.1244,CTD,26.1541,CTD,38.0727,CTD,,,,,,,,,,,,,,,,,,,,,,,,,,,,,,,,,,,,,,,,,,,,,,,,,,,,,,,,,,,,,,,
EMOBON_VB_Wa_582,,,26.1244,CTD,26.1541,CTD,38.0727,CTD,,,,,,,,,,,,,,,,,,,,,,,,,,,,,,,,,,,,,,,,,,,,,,,,,,,,,,,,,,,,,,,
EMOBON_VB_Wa_583,,,26.1244,CTD,26.1541,CTD,38.0727,CTD,,,,,,,,,,,,,,,,,,,,,,,,,,,,,,,,,,,,,,,,,,,,,,,,,,,,,,,,,,,,,,,
EMOBON_VB_Wa_584,,,,CTD,,CTD,,CTD,,,,,,,,,,,,,,,,,,,,,,,,,,,,,,,,,,,,,,,,,,,,,,,,,,,,,,,,,,,,,,,
EMOBON_VB_Wa_585,,,,CTD,,CTD,,CTD,,,,,,,,,,,,,,,,,,,,,,,,,,,,,,,,,,,,,,,,,,,,,,,,,,,,,,,,,,,,,,,
EMOBON_VB_Wa_586,,,,CTD,,CTD,,CTD,,,,,,,,,,,,,,,,,,,,,,,,,,,,,,,,,,,,,,,,,,,,,,,,,,,,,,,,,,,,,,,
EMOBON_VB_Wa_587,,,,CTD,,CTD,,CTD,,,,,,,,,,,,,,,,,,,,,,,,,,,,,,,,,,,,,,,,,,,,,,,,,,,,,,,,,,,,,,,
EMOBON_VB_Wa_588,,,,CTD,,CTD,,CTD,,,,,,,,,,,,,,,,,,,,,,,,,,,,,,,,,,,,,,,,,,,,,,,,,,,,,,,,,,,,,,,
EMOBON_VB_Wa_589,,,,CTD,,CTD,,CTD,,,,,,,,,,,,,,,,,,,,,,,,,,,,,,,,,,,,,,,,,,,,,,,,,,,,,,,,,,,,,,,
EMOBON_VB_Wa_590,,,,CTD,,CTD,,CTD,,,,,,,,,,,,,,,,,,,,,,,,,,,,,,,,,,,,,,,,,,,,,,,,,,,,,,,,,,,,,,,
EMOBON_VB_Wa_591,,,,CTD,,CTD,,CTD,,,,,,,,,,,,,,,,,,,,,,,,,,,,,,,,,,,,,,,,,,,,,,,,,,,,,,,,,,,,,,,
EMOBON_VB_Wa_592,,,,CTD,,CTD,,CTD,,,,,,,,,,,,,,,,,,,,,,,,,,,,,,,,,,,,,,,,,,,,,,,,,,,,,,,,,,,,,,,
EMOBON_VB_Wa_593,,,,CTD,,CTD,,CTD,,,,,,,,,,,,,,,,,,,,,,,,,,,,,,,,,,,,,,,,,,,,,,,,,,,,,,,,,,,,,,,
EMOBON_VB_Wa_594,,,,CTD,,CTD,,CTD,,,,,,,,,,,,,,,,,,,,,,,,,,,,,,,,,,,,,,,,,,,,,,,,,,,,,,,,,,,,,,,
EMOBON_VB_Wa_595,,,,CTD,,CTD,,CTD,,,,,,,,,,,,,,,,,,,,,,,,,,,,,,,,,,,,,,,,,,,,,,,,,,,,,,,,,,,,,,,
EMOBON_VB_Wa_596,,,,CTD,,CTD,,CTD,,,,,,,,,,,,,,,,,,,,,,,,,,,,,,,,,,,,,,,,,,,,,,,,,,,,,,,,,,,,,,,
EMOBON_VB_Wa_597,,,,CTD,,CTD,,CTD,,,,,,,,,,,,,,,,,,,,,,,,,,,,,,,,,,,,,,,,,,,,,,,,,,,,,,,,,,,,,,,
EMOBON_VB_Wa_598,,,,CTD,,CTD,,CTD,,,,,,,,,,,,,,,,,,,,,,,,,,,,,,,,,,,,,,,,,,,,,,,,,,,,,,,,,,,,,,,
EMOBON_VB_Wa_599,,,,CTD,,CTD,,CTD,,,,,,,,,,,,,,,,,,,,,,,,,,,,,,,,,,,,,,,,,,,,,,,,,,,,,,,,,,,,,,,
EMOBON_VB_Wa_600,,,,CTD,,CTD,,CTD,,,,,,,,,,,,,,,,,,,,,,,,,,,,,,,,,,,,,,,,,,,,,,,,,,,,,,,,,,,,,,,
EMOBON_VB_Wa_601,,,,CTD,,CTD,,CTD,,,,,,,,,,,,,,,,,,,,,,,,,,,,,,,,,,,,,,,,,,,,,,,,,,,,,,,,,,,,,,,
EMOBON_VB_Wa_602,,,,CTD,,CTD,,CTD,,,,,,,,,,,,,,,,,,,,,,,,,,,,,,,,,,,,,,,,,,,,,,,,,,,,,,,,,,,,,,,
EMOBON_VB_Wa_603,,,,CTD,,CTD,,CTD,,,,,,,,,,,,,,,,,,,,,,,,,,,,,,,,,,,,,,,,,,,,,,,,,,,,,,,,,,,,,,,
EMOBON_VB_Wa_604,,,,CTD,,CTD,,CTD,,,,,,,,,,,,,,,,,,,,,,,,,,,,,,,,,,,,,,,,,,,,,,,,,,,,,,,,,,,,,,,
EMOBON_VB_Wa_605,,,,CTD,,CTD,,CTD,,,,,,,,,,,,,,,,,,,,,,,,,,,,,,,,,,,,,,,,,,,,,,,,,,,,,,,,,,,,,,,
EMOBON_VB_Wa_606,,,,CTD,,CTD,,CTD,,,,,,,,,,,,,,,,,,,,,,,,,,,,,,,,,,,,,,,,,,,,,,,,,,,,,,,,,,,,,,,
EMOBON_VB_Wa_607,,,,CTD,,CTD,,CTD,,,,,,,,,,,,,,,,,,,,,,,,,,,,,,,,,,,,,,,,,,,,,,,,,,,,,,,,,,,,,,,
EMOBON_VB_Wa_608,,,23.1673,CTD,23.2012,CTD,37.9362,CTD,,,,,,,,,,,,,,,,,,,,,,,,,,,,,,,,,,,,,,,,,,,,,,,,,,,,,,,,,,,,,,,
EMOBON_VB_Wa_609,,,23.1673,CTD,23.2012,CTD,37.9362,CTD,,,,,,,,,,,,,,,,,,,,,,,,,,,,,,,,,,,,,,,,,,,,,,,,,,,,,,,,,,,,,,,
EMOBON_VB_Wa_610,,,23.1673,CTD,23.2012,CTD,37.9362,CTD,,,,,,,,,,,,,,,,,,,,,,,,,,,,,,,,,,,,,,,,,,,,,,,,,,,,,,,,,,,,,,,
EMOBON_VB_Wa_611,,,23.1673,CTD,23.2012,CTD,37.9362,CTD,,,,,,,,,,,,,,,,,,,,,,,,,,,,,,,,,,,,,,,,,,,,,,,,,,,,,,,,,,,,,,,
EMOBON_VB_Wa_612,,,23.1673,CTD,23.2012,CTD,37.9362,CTD,,,,,,,,,,,,,,,,,,,,,,,,,,,,,,,,,,,,,,,,,,,,,,,,,,,,,,,,,,,,,,,
EMOBON_VB_Wa_613,,,23.1673,CTD,23.2012,CTD,37.9362,CTD,,,,,,,,,,,,,,,,,,,,,,,,,,,,,,,,,,,,,,,,,,,,,,,,,,,,,,,,,,,,,,,
EMOBON_VB_Wa_614,,,23.1673,CTD,23.2012,CTD,37.9362,CTD,,,,,,,,,,,,,,,,,,,,,,,,,,,,,,,,,,,,,,,,,,,,,,,,,,,,,,,,,,,,,,,
EMOBON_VB_Wa_615,,,23.1673,CTD,23.2012,CTD,37.9362,CTD,,,,,,,,,,,,,,,,,,,,,,,,,,,,,,,,,,,,,,,,,,,,,,,,,,,,,,,,,,,,,,,
EMOBON_VB_Wa_616,,,23.1673,CTD,23.2012,CTD,37.9362,CTD,,,,,,,,,,,,,,,,,,,,,,,,,,,,,,,,,,,,,,,,,,,,,,,,,,,,,,,,,,,,,,,
EMOBON_VB_Wa_617,,,23.1673,CTD,23.2012,CTD,37.9362,CTD,,,,,,,,,,,,,,,,,,,,,,,,,,,,,,,,,,,,,,,,,,,,,,,,,,,,,,,,,,,,,,,
EMOBON_VB_Wa_618,,,,CTD,,CTD,,CTD,,,,,,,,,,,,,,,,,,,,,,,,,,,,,,,,,,,,,,,,,,,,,,,,,,,,,,,,,,,,,,,
EMOBON_VB_Wa_619,,,,CTD,,CTD,,CTD,,,,,,,,,,,,,,,,,,,,,,,,,,,,,,,,,,,,,,,,,,,,,,,,,,,,,,,,,,,,,,,
EMOBON_VB_Wa_620,,,,CTD,,CTD,,CTD,,,,,,,,,,,,,,,,,,,,,,,,,,,,,,,,,,,,,,,,,,,,,,,,,,,,,,,,,,,,,,,
EMOBON_VB_Wa_621,,,,CTD,,CTD,,CTD,,,,,,,,,,,,,,,,,,,,,,,,,,,,,,,,,,,,,,,,,,,,,,,,,,,,,,,,,,,,,,,
EMOBON_VB_Wa_622,,,,CTD,,CTD,,CTD,,,,,,,,,,,,,,,,,,,,,,,,,,,,,,,,,,,,,,,,,,,,,,,,,,,,,,,,,,,,,,,
EMOBON_VB_Wa_623,,,,CTD,,CTD,,CTD,,,,,,,,,,,,,,,,,,,,,,,,,,,,,,,,,,,,,,,,,,,,,,,,,,,,,,,,,,,,,,,
EMOBON_VB_Wa_624,,,,CTD,,CTD,,CTD,,,,,,,,,,,,,,,,,,,,,,,,,,,,,,,,,,,,,,,,,,,,,,,,,,,,,,,,,,,,,,,
EMOBON_VB_Wa_625,,,,CTD,,CTD,,CTD,,,,,,,,,,,,,,,,,,,,,,,,,,,,,,,,,,,,,,,,,,,,,,,,,,,,,,,,,,,,,,,
EMOBON_VB_Wa_626,,,,CTD,,CTD,,CTD,,,,,,,,,,,,,,,,,,,,,,,,,,,,,,,,,,,,,,,,,,,,,,,,,,,,,,,,,,,,,,,
EMOBON_VB_Wa_627,,,,CTD,,CTD,,CTD,,,,,,,,,,,,,,,,,,,,,,,,,,,,,,,,,,,,,,,,,,,,,,,,,,,,,,,,,,,,,,,
EMOBON_VB_Wa_628,,,,CTD,,CTD,,CTD,,,,,,,,,,,,,,,,,,,,,,,,,,,,,,,,,,,,,,,,,,,,,,,,,,,,,,,,,,,,,,,
EMOBON_VB_Wa_629,,,,CTD,,CTD,,CTD,,,,,,,,,,,,,,,,,,,,,,,,,,,,,,,,,,,,,,,,,,,,,,,,,,,,,,,,,,,,,,,
EMOBON_VB_Wa_630,,,,CTD,,CTD,,CTD,,,,,,,,,,,,,,,,,,,,,,,,,,,,,,,,,,,,,,,,,,,,,,,,,,,,,,,,,,,,,,,
EMOBON_VB_Wa_631,,,,CTD,,CTD,,CTD,,,,,,,,,,,,,,,,,,,,,,,,,,,,,,,,,,,,,,,,,,,,,,,,,,,,,,,,,,,,,,,
EMOBON_VB_Wa_632,,,,CTD,,CTD,,CTD,,,,,,,,,,,,,,,,,,,,,,,,,,,,,,,,,,,,,,,,,,,,,,,,,,,,,,,,,,,,,,,
EMOBON_VB_Wa_633,,,,CTD,,CTD,,CTD,,,,,,,,,,,,,,,,,,,,,,,,,,,,,,,,,,,,,,,,,,,,,,,,,,,,,,,,,,,,,,,
EMOBON_VB_Wa_634,,,,CTD,,CTD,,CTD,,,,,,,,,,,,,,,,,,,,,,,,,,,,,,,,,,,,,,,,,,,,,,,,,,,,,,,,,,,,,,,
EMOBON_VB_Wa_635,,,,CTD,,CTD,,CTD,,,,,,,,,,,,,,,,,,,,,,,,,,,,,,,,,,,,,,,,,,,,,,,,,,,,,,,,,,,,,,,
EMOBON_VB_Wa_636,,,,CTD,,CTD,,CTD,,,,,,,,,,,,,,,,,,,,,,,,,,,,,,,,,,,,,,,,,,,,,,,,,,,,,,,,,,,,,,,
EMOBON_VB_Wa_637,,,,CTD,,CTD,,CTD,,,,,,,,,,,,,,,,,,,,,,,,,,,,,,,,,,,,,,,,,,,,,,,,,,,,,,,,,,,,,,,
EMOBON_VB_Wa_638,,,,CTD,,CTD,,CTD,,,,,,,,,,,,,,,,,,,,,,,,,,,,,,,,,,,,,,,,,,,,,,,,,,,,,,,,,,,,,,,
EMOBON_VB_Wa_639,,,,CTD,,CTD,,CTD,,,,,,,,,,,,,,,,,,,,,,,,,,,,,,,,,,,,,,,,,,,,,,,,,,,,,,,,,,,,,,,
EMOBON_VB_Wa_640,,,,CTD,,CTD,,CTD,,,,,,,,,,,,,,,,,,,,,,,,,,,,,,,,,,,,,,,,,,,,,,,,,,,,,,,,,,,,,,,
EMOBON_VB_Wa_641,,,,CTD,,CTD,,CTD,,,,,,,,,,,,,,,,,,,,,,,,,,,,,,,,,,,,,,,,,,,,,,,,,,,,,,,,,,,,,,,
EMOBON_VB_Wa_642,,,,CTD,,CTD,,CTD,,,,,,,,,,,,,,,,,,,,,,,,,,,,,,,,,,,,,,,,,,,,,,,,,,,,,,,,,,,,,,,
EMOBON_VB_Wa_643,,,,CTD,,CTD,,CTD,,,,,,,,,,,,,,,,,,,,,,,,,,,,,,,,,,,,,,,,,,,,,,,,,,,,,,,,,,,,,,,
EMOBON_VB_Wa_644,,,,CTD,,CTD,,CTD,,,,,,,,,,,,,,,,,,,,,,,,,,,,,,,,,,,,,,,,,,,,,,,,,,,,,,,,,,,,,,,
EMOBON_VB_Wa_645,,,,CTD,,CTD,,CTD,,,,,,,,,,,,,,,,,,,,,,,,,,,,,,,,,,,,,,,,,,,,,,,,,,,,,,,,,,,,,,,
EMOBON_VB_Wa_646,,,,CTD,,CTD,,CTD,,,,,,,,,,,,,,,,,,,,,,,,,,,,,,,,,,,,,,,,,,,,,,,,,,,,,,,,,,,,,,,
EMOBON_VB_Wa_647,,,16.2867,CTD,16.2903,CTD,38.1707,CTD,,,,,,,,,,,,,,,,,,,,,,,,,,,,,,,,,,,,,,,,,,,,,,,,,,,,,,,,,,,,,,,
EMOBON_VB_Wa_648,,,16.2867,CTD,16.2903,CTD,38.1707,CTD,,,,,,,,,,,,,,,,,,,,,,,,,,,,,,,,,,,,,,,,,,,,,,,,,,,,,,,,,,,,,,,
EMOBON_VB_Wa_649,,,16.2867,CTD,16.2903,CTD,38.1707,CTD,,,,,,,,,,,,,,,,,,,,,,,,,,,,,,,,,,,,,,,,,,,,,,,,,,,,,,,,,,,,,,,
EMOBON_VB_Wa_650,,,16.2867,CTD,16.2903,CTD,38.1707,CTD,,,,,,,,,,,,,,,,,,,,,,,,,,,,,,,,,,,,,,,,,,,,,,,,,,,,,,,,,,,,,,,
EMOBON_VB_Wa_651,,,16.2867,CTD,16.2903,CTD,38.1707,CTD,,,,,,,,,,,,,,,,,,,,,,,,,,,,,,,,,,,,,,,,,,,,,,,,,,,,,,,,,,,,,,,
EMOBON_VB_Wa_652,,,16.2867,CTD,16.2903,CTD,38.1707,CTD,,,,,,,,,,,,,,,,,,,,,,,,,,,,,,,,,,,,,,,,,,,,,,,,,,,,,,,,,,,,,,,
EMOBON_VB_Wa_653,,,16.2867,CTD,16.2903,CTD,38.1707,CTD,,,,,,,,,,,,,,,,,,,,,,,,,,,,,,,,,,,,,,,,,,,,,,,,,,,,,,,,,,,,,,,
EMOBON_VB_Wa_654,,,16.2867,CTD,16.2903,CTD,38.1707,CTD,,,,,,,,,,,,,,,,,,,,,,,,,,,,,,,,,,,,,,,,,,,,,,,,,,,,,,,,,,,,,,,
EMOBON_VB_Wa_655,,,16.2867,CTD,16.2903,CTD,38.1707,CTD,,,,,,,,,,,,,,,,,,,,,,,,,,,,,,,,,,,,,,,,,,,,,,,,,,,,,,,,,,,,,,,
EMOBON_VB_Wa_656,,,16.2867,CTD,16.2903,CTD,38.1707,CTD,,,,,,,,,,,,,,,,,,,,,,,,,,,,,,,,,,,,,,,,,,,,,,,,,,,,,,,,,,,,,,,
EMOBON_VB_Wa_657,,,,CTD,,CTD,,CTD,,,,,,,,,,,,,,,,,,,,,,,,,,,,,,,,,,,,,,,,,,,,,,,,,,,,,,,,,,,,,,,
EMOBON_VB_Wa_658,,,,CTD,,CTD,,CTD,,,,,,,,,,,,,,,,,,,,,,,,,,,,,,,,,,,,,,,,,,,,,,,,,,,,,,,,,,,,,,,
EMOBON_VB_Wa_659,,,,CTD,,CTD,,CTD,,,,,,,,,,,,,,,,,,,,,,,,,,,,,,,,,,,,,,,,,,,,,,,,,,,,,,,,,,,,,,,
EMOBON_VB_Wa_660,,,,CTD,,CTD,,CTD,,,,,,,,,,,,,,,,,,,,,,,,,,,,,,,,,,,,,,,,,,,,,,,,,,,,,,,,,,,,,,,
EMOBON_VB_Wa_661,,,,CTD,,CTD,,CTD,,,,,,,,,,,,,,,,,,,,,,,,,,,,,,,,,,,,,,,,,,,,,,,,,,,,,,,,,,,,,,,
EMOBON_VB_Wa_662,,,,CTD,,CTD,,CTD,,,,,,,,,,,,,,,,,,,,,,,,,,,,,,,,,,,,,,,,,,,,,,,,,,,,,,,,,,,,,,,
EMOBON_VB_Wa_663,,,,CTD,,CTD,,CTD,,,,,,,,,,,,,,,,,,,,,,,,,,,,,,,,,,,,,,,,,,,,,,,,,,,,,,,,,,,,,,,
EMOBON_VB_Wa_664,,,,CTD,,CTD,,CTD,,,,,,,,,,,,,,,,,,,,,,,,,,,,,,,,,,,,,,,,,,,,,,,,,,,,,,,,,,,,,,,
EMOBON_VB_Wa_665,,,,CTD,,CTD,,CTD,,,,,,,,,,,,,,,,,,,,,,,,,,,,,,,,,,,,,,,,,,,,,,,,,,,,,,,,,,,,,,,
EMOBON_VB_Wa_666,,,,CTD,,CTD,,CTD,,,,,,,,,,,,,,,,,,,,,,,,,,,,,,,,,,,,,,,,,,,,,,,,,,,,,,,,,,,,,,,
EMOBON_VB_Wa_667,,,,CTD,,CTD,,CTD,,,,,,,,,,,,,,,,,,,,,,,,,,,,,,,,,,,,,,,,,,,,,,,,,,,,,,,,,,,,,,,
EMOBON_VB_Wa_668,,,,CTD,,CTD,,CTD,,,,,,,,,,,,,,,,,,,,,,,,,,,,,,,,,,,,,,,,,,,,,,,,,,,,,,,,,,,,,,,
EMOBON_VB_Wa_669,,,,CTD,,CTD,,CTD,,,,,,,,,,,,,,,,,,,,,,,,,,,,,,,,,,,,,,,,,,,,,,,,,,,,,,,,,,,,,,,
EMOBON_VB_Wa_670,,,,CTD,,CTD,,CTD,,,,,,,,,,,,,,,,,,,,,,,,,,,,,,,,,,,,,,,,,,,,,,,,,,,,,,,,,,,,,,,
EMOBON_VB_Wa_671,,,,CTD,,CTD,,CTD,,,,,,,,,,,,,,,,,,,,,,,,,,,,,,,,,,,,,,,,,,,,,,,,,,,,,,,,,,,,,,,
EMOBON_VB_Wa_672,,,,CTD,,CTD,,CTD,,,,,,,,,,,,,,,,,,,,,,,,,,,,,,,,,,,,,,,,,,,,,,,,,,,,,,,,,,,,,,,
EMOBON_VB_Wa_673,,,,CTD,,CTD,,CTD,,,,,,,,,,,,,,,,,,,,,,,,,,,,,,,,,,,,,,,,,,,,,,,,,,,,,,,,,,,,,,,
EMOBON_VB_Wa_674,,,,CTD,,CTD,,CTD,,,,,,,,,,,,,,,,,,,,,,,,,,,,,,,,,,,,,,,,,,,,,,,,,,,,,,,,,,,,,,,
EMOBON_VB_Wa_675,,,,CTD,,CTD,,CTD,,,,,,,,,,,,,,,,,,,,,,,,,,,,,,,,,,,,,,,,,,,,,,,,,,,,,,,,,,,,,,,
EMOBON_VB_Wa_676,,,,CTD,,CTD,,CTD,,,,,,,,,,,,,,,,,,,,,,,,,,,,,,,,,,,,,,,,,,,,,,,,,,,,,,,,,,,,,,,
EMOBON_VB_Wa_677,,,,CTD,,CTD,,CTD,,,,,,,,,,,,,,,,,,,,,,,,,,,,,,,,,,,,,,,,,,,,,,,,,,,,,,,,,,,,,,,
EMOBON_VB_Wa_678,,,,CTD,,CTD,,CTD,,,,,,,,,,,,,,,,,,,,,,,,,,,,,,,,,,,,,,,,,,,,,,,,,,,,,,,,,,,,,,,
EMOBON_VB_Wa_679,,,,CTD,,CTD,,CTD,,,,,,,,,,,,,,,,,,,,,,,,,,,,,,,,,,,,,,,,,,,,,,,,,,,,,,,,,,,,,,,
EMOBON_VB_Wa_680,,,,CTD,,CTD,,CTD,,,,,,,,,,,,,,,,,,,,,,,,,,,,,,,,,,,,,,,,,,,,,,,,,,,,,,,,,,,,,,,
EMOBON_VB_Wa_681,,,,CTD,,CTD,,CTD,,,,,,,,,,,,,,,,,,,,,,,,,,,,,,,,,,,,,,,,,,,,,,,,,,,,,,,,,,,,,,,
EMOBON_VB_Wa_682,,,,CTD,,CTD,,CTD,,,,,,,,,,,,,,,,,,,,,,,,,,,,,,,,,,,,,,,,,,,,,,,,,,,,,,,,,,,,,,,
EMOBON_VB_Wa_683,,,,CTD,,CTD,,CTD,,,,,,,,,,,,,,,,,,,,,,,,,,,,,,,,,,,,,,,,,,,,,,,,,,,,,,,,,,,,,,,
EMOBON_VB_Wa_684,,,,CTD,,CTD,,CTD,,,,,,,,,,,,,,,,,,,,,,,,,,,,,,,,,,,,,,,,,,,,,,,,,,,,,,,,,,,,,,,
EMOBON_VB_Wa_685,,,,CTD,,CTD,,CTD,,,,,,,,,,,,,,,,,,,,,,,,,,,,,,,,,,,,,,,,,,,,,,,,,,,,,,,,,,,,,,,
EMOBON_VB_Wa_686,,,,CTD,,CTD,,CTD,,,,,,,,,,,,,,,,,,,,,,,,,,,,,,,,,,,,,,,,,,,,,,,,,,,,,,,,,,,,,,,
EMOBON_VB_Wa_687,,,,CTD,,CTD,,CTD,,,,,,,,,,,,,,,,,,,,,,,,,,,,,,,,,,,,,,,,,,,,,,,,,,,,,,,,,,,,,,,
EMOBON_VB_Wa_688,,,,CTD,,CTD,,CTD,,,,,,,,,,,,,,,,,,,,,,,,,,,,,,,,,,,,,,,,,,,,,,,,,,,,,,,,,,,,,,,
EMOBON_VB_Wa_689,,,,CTD,,CTD,,CTD,,,,,,,,,,,,,,,,,,,,,,,,,,,,,,,,,,,,,,,,,,,,,,,,,,,,,,,,,,,,,,,
EMOBON_VB_Wa_690,,,,CTD,,CTD,,CTD,,,,,,,,,,,,,,,,,,,,,,,,,,,,,,,,,,,,,,,,,,,,,,,,,,,,,,,,,,,,,,,
EMOBON_VB_Wa_691,,,,CTD,,CTD,,CTD,,,,,,,,,,,,,,,,,,,,,,,,,,,,,,,,,,,,,,,,,,,,,,,,,,,,,,,,,,,,,,,
EMOBON_VB_Wa_692,,,,CTD,,CTD,,CTD,,,,,,,,,,,,,,,,,,,,,,,,,,,,,,,,,,,,,,,,,,,,,,,,,,,,,,,,,,,,,,,
EMOBON_VB_Wa_693,,,,CTD,,CTD,,CTD,,,,,,,,,,,,,,,,,,,,,,,,,,,,,,,,,,,,,,,,,,,,,,,,,,,,,,,,,,,,,,,
EMOBON_VB_Wa_694,,,,CTD,,CTD,,CTD,,,,,,,,,,,,,,,,,,,,,,,,,,,,,,,,,,,,,,,,,,,,,,,,,,,,,,,,,,,,,,,
EMOBON_VB_Wa_695,,,,CTD,,CTD,,CTD,,,,,,,,,,,,,,,,,,,,,,,,,,,,,,,,,,,,,,,,,,,,,,,,,,,,,,,,,,,,,,,
EMOBON_VB_Wa_696,,,13.6669,CTD,14.3365,CTD,36.5578,CTD,,,,,,,,,,,,,,,,,,,,,,,,,,,,,,,,,,,,,,,,,,,,,,,,,,,,,,,,,,,,,,,
EMOBON_VB_Wa_697,,,13.6669,CTD,14.3365,CTD,36.5578,CTD,,,,,,,,,,,,,,,,,,,,,,,,,,,,,,,,,,,,,,,,,,,,,,,,,,,,,,,,,,,,,,,
EMOBON_VB_Wa_698,,,13.6669,CTD,14.3365,CTD,36.5578,CTD,,,,,,,,,,,,,,,,,,,,,,,,,,,,,,,,,,,,,,,,,,,,,,,,,,,,,,,,,,,,,,,
EMOBON_VB_Wa_699,,,13.6669,CTD,14.3365,CTD,36.5578,CTD,,,,,,,,,,,,,,,,,,,,,,,,,,,,,,,,,,,,,,,,,,,,,,,,,,,,,,,,,,,,,,,
EMOBON_VB_Wa_700,,,13.6669,CTD,14.3365,CTD,36.5578,CTD,,,,,,,,,,,,,,,,,,,,,,,,,,,,,,,,,,,,,,,,,,,,,,,,,,,,,,,,,,,,,,,
EMOBON_VB_Wa_701,,,13.6669,CTD,14.3365,CTD,36.5578,CTD,,,,,,,,,,,,,,,,,,,,,,,,,,,,,,,,,,,,,,,,,,,,,,,,,,,,,,,,,,,,,,,
EMOBON_VB_Wa_702,,,13.6669,CTD,14.3365,CTD,36.5578,CTD,,,,,,,,,,,,,,,,,,,,,,,,,,,,,,,,,,,,,,,,,,,,,,,,,,,,,,,,,,,,,,,
EMOBON_VB_Wa_703,,,13.6669,CTD,14.3365,CTD,36.5578,CTD,,,,,,,,,,,,,,,,,,,,,,,,,,,,,,,,,,,,,,,,,,,,,,,,,,,,,,,,,,,,,,,
EMOBON_VB_Wa_704,,,13.6669,CTD,14.3365,CTD,36.5578,CTD,,,,,,,,,,,,,,,,,,,,,,,,,,,,,,,,,,,,,,,,,,,,,,,,,,,,,,,,,,,,,,,
EMOBON_VB_Wa_705,,,13.6669,CTD,14.3365,CTD,36.5578,CTD,,,,,,,,,,,,,,,,,,,,,,,,,,,,,,,,,,,,,,,,,,,,,,,,,,,,,,,,,,,,,,,
EMOBON_VB_Wa_706,,,13.6669,CTD,14.3365,CTD,36.5578,CTD,,,,,,,,,,,,,,,,,,,,,,,,,,,,,,,,,,,,,,,,,,,,,,,,,,,,,,,,,,,,,,,
EMOBON_VB_Wa_707,,,,CTD,,CTD,,CTD,,,,,,,,,,,,,,,,,,,,,,,,,,,,,,,,,,,,,,,,,,,,,,,,,,,,,,,,,,,,,,,
EMOBON_VB_Wa_708,,,,CTD,,CTD,,CTD,,,,,,,,,,,,,,,,,,,,,,,,,,,,,,,,,,,,,,,,,,,,,,,,,,,,,,,,,,,,,,,
EMOBON_VB_Wa_709,,,,CTD,,CTD,,CTD,,,,,,,,,,,,,,,,,,,,,,,,,,,,,,,,,,,,,,,,,,,,,,,,,,,,,,,,,,,,,,,
EMOBON_VB_Wa_710,,,,CTD,,CTD,,CTD,,,,,,,,,,,,,,,,,,,,,,,,,,,,,,,,,,,,,,,,,,,,,,,,,,,,,,,,,,,,,,,
EMOBON_VB_Wa_711,,,,CTD,,CTD,,CTD,,,,,,,,,,,,,,,,,,,,,,,,,,,,,,,,,,,,,,,,,,,,,,,,,,,,,,,,,,,,,,,
EMOBON_VB_Wa_712,,,,CTD,,CTD,,CTD,,,,,,,,,,,,,,,,,,,,,,,,,,,,,,,,,,,,,,,,,,,,,,,,,,,,,,,,,,,,,,,
EMOBON_VB_Wa_713,,,,CTD,,CTD,,CTD,,,,,,,,,,,,,,,,,,,,,,,,,,,,,,,,,,,,,,,,,,,,,,,,,,,,,,,,,,,,,,,
EMOBON_VB_Wa_714,,,,CTD,,CTD,,CTD,,,,,,,,,,,,,,,,,,,,,,,,,,,,,,,,,,,,,,,,,,,,,,,,,,,,,,,,,,,,,,,
EMOBON_VB_Wa_715,,,,CTD,,CTD,,CTD,,,,,,,,,,,,,,,,,,,,,,,,,,,,,,,,,,,,,,,,,,,,,,,,,,,,,,,,,,,,,,,
EMOBON_VB_Wa_716,,,,CTD,,CTD,,CTD,,,,,,,,,,,,,,,,,,,,,,,,,,,,,,,,,,,,,,,,,,,,,,,,,,,,,,,,,,,,,,,
EMOBON_VB_Wa_717,,,,CTD,,CTD,,CTD,,,,,,,,,,,,,,,,,,,,,,,,,,,,,,,,,,,,,,,,,,,,,,,,,,,,,,,,,,,,,,,
EMOBON_VB_Wa_718,,,,CTD,,CTD,,CTD,,,,,,,,,,,,,,,,,,,,,,,,,,,,,,,,,,,,,,,,,,,,,,,,,,,,,,,,,,,,,,,
EMOBON_VB_Wa_719,,,,CTD,,CTD,,CTD,,,,,,,,,,,,,,,,,,,,,,,,,,,,,,,,,,,,,,,,,,,,,,,,,,,,,,,,,,,,,,,
EMOBON_VB_Wa_720,,,,CTD,,CTD,,CTD,,,,,,,,,,,,,,,,,,,,,,,,,,,,,,,,,,,,,,,,,,,,,,,,,,,,,,,,,,,,,,,
EMOBON_VB_Wa_721,,,,CTD,,CTD,,CTD,,,,,,,,,,,,,,,,,,,,,,,,,,,,,,,,,,,,,,,,,,,,,,,,,,,,,,,,,,,,,,,
EMOBON_VB_Wa_722,,,,CTD,,CTD,,CTD,,,,,,,,,,,,,,,,,,,,,,,,,,,,,,,,,,,,,,,,,,,,,,,,,,,,,,,,,,,,,,,
EMOBON_VB_Wa_723,,,,CTD,,CTD,,CTD,,,,,,,,,,,,,,,,,,,,,,,,,,,,,,,,,,,,,,,,,,,,,,,,,,,,,,,,,,,,,,,
EMOBON_VB_Wa_724,,,,CTD,,CTD,,CTD,,,,,,,,,,,,,,,,,,,,,,,,,,,,,,,,,,,,,,,,,,,,,,,,,,,,,,,,,,,,,,,
EMOBON_VB_Wa_725,,,,CTD,,CTD,,CTD,,,,,,,,,,,,,,,,,,,,,,,,,,,,,,,,,,,,,,,,,,,,,,,,,,,,,,,,,,,,,,,
EMOBON_VB_Wa_726,,,,CTD,,CTD,,CTD,,,,,,,,,,,,,,,,,,,,,,,,,,,,,,,,,,,,,,,,,,,,,,,,,,,,,,,,,,,,,,,
EMOBON_VB_Wa_727,,,,CTD,,CTD,,CTD,,,,,,,,,,,,,,,,,,,,,,,,,,,,,,,,,,,,,,,,,,,,,,,,,,,,,,,,,,,,,,,
EMOBON_VB_Wa_728,,,,CTD,,CTD,,CTD,,,,,,,,,,,,,,,,,,,,,,,,,,,,,,,,,,,,,,,,,,,,,,,,,,,,,,,,,,,,,,,
EMOBON_VB_Wa_729,,,,CTD,,CTD,,CTD,,,,,,,,,,,,,,,,,,,,,,,,,,,,,,,,,,,,,,,,,,,,,,,,,,,,,,,,,,,,,,,
EMOBON_VB_Wa_730,,,,CTD,,CTD,,CTD,,,,,,,,,,,,,,,,,,,,,,,,,,,,,,,,,,,,,,,,,,,,,,,,,,,,,,,,,,,,,,,
EMOBON_VB_Wa_731,,,,CTD,,CTD,,CTD,,,,,,,,,,,,,,,,,,,,,,,,,,,,,,,,,,,,,,,,,,,,,,,,,,,,,,,,,,,,,,,
EMOBON_VB_Wa_732,,,,CTD,,CTD,,CTD,,,,,,,,,,,,,,,,,,,,,,,,,,,,,,,,,,,,,,,,,,,,,,,,,,,,,,,,,,,,,,,
EMOBON_VB_Wa_733,,,,CTD,,CTD,,CTD,,,,,,,,,,,,,,,,,,,,,,,,,,,,,,,,,,,,,,,,,,,,,,,,,,,,,,,,,,,,,,,
EMOBON_VB_Wa_734,,,,CTD,,CTD,,CTD,,,,,,,,,,,,,,,,,,,,,,,,,,,,,,,,,,,,,,,,,,,,,,,,,,,,,,,,,,,,,,,
EMOBON_VB_Wa_735,,,16.1317,CTD,16.0072,CTD,37.4659,CTD,,,,,,,,,,,,,,,,,,,,,,,,,,,,,,,,,,,,,,,,,,,,,,,,,,,,,,,,,,,,,,,
EMOBON_VB_Wa_736,,,16.1317,CTD,16.0072,CTD,37.4659,CTD,,,,,,,,,,,,,,,,,,,,,,,,,,,,,,,,,,,,,,,,,,,,,,,,,,,,,,,,,,,,,,,
EMOBON_VB_Wa_737,,,16.1317,CTD,16.0072,CTD,37.4659,CTD,,,,,,,,,,,,,,,,,,,,,,,,,,,,,,,,,,,,,,,,,,,,,,,,,,,,,,,,,,,,,,,
EMOBON_VB_Wa_738,,,16.1317,CTD,16.0072,CTD,37.4659,CTD,,,,,,,,,,,,,,,,,,,,,,,,,,,,,,,,,,,,,,,,,,,,,,,,,,,,,,,,,,,,,,,
EMOBON_VB_Wa_739,,,16.1317,CTD,16.0072,CTD,37.4659,CTD,,,,,,,,,,,,,,,,,,,,,,,,,,,,,,,,,,,,,,,,,,,,,,,,,,,,,,,,,,,,,,,
EMOBON_VB_Wa_740,,,16.1317,CTD,16.0072,CTD,37.4659,CTD,,,,,,,,,,,,,,,,,,,,,,,,,,,,,,,,,,,,,,,,,,,,,,,,,,,,,,,,,,,,,,,
EMOBON_VB_Wa_741,,,16.1317,CTD,16.0072,CTD,37.4659,CTD,,,,,,,,,,,,,,,,,,,,,,,,,,,,,,,,,,,,,,,,,,,,,,,,,,,,,,,,,,,,,,,
EMOBON_VB_Wa_742,,,16.1317,CTD,16.0072,CTD,37.4659,CTD,,,,,,,,,,,,,,,,,,,,,,,,,,,,,,,,,,,,,,,,,,,,,,,,,,,,,,,,,,,,,,,
EMOBON_VB_Wa_743,,,16.1317,CTD,16.0072,CTD,37.4659,CTD,,,,,,,,,,,,,,,,,,,,,,,,,,,,,,,,,,,,,,,,,,,,,,,,,,,,,,,,,,,,,,,
EMOBON_VB_Wa_744,,,16.1317,CTD,16.0072,CTD,37.4659,CTD,,,,,,,,,,,,,,,,,,,,,,,,,,,,,,,,,,,,,,,,,,,,,,,,,,,,,,,,,,,,,,,
EMOBON_VB_Wa_745,,,,CTD,,CTD,,CTD,,,,,,,,,,,,,,,,,,,,,,,,,,,,,,,,,,,,,,,,,,,,,,,,,,,,,,,,,,,,,,,
EMOBON_VB_Wa_746,,,,CTD,,CTD,,CTD,,,,,,,,,,,,,,,,,,,,,,,,,,,,,,,,,,,,,,,,,,,,,,,,,,,,,,,,,,,,,,,
EMOBON_VB_Wa_747,,,,CTD,,CTD,,CTD,,,,,,,,,,,,,,,,,,,,,,,,,,,,,,,,,,,,,,,,,,,,,,,,,,,,,,,,,,,,,,,
EMOBON_VB_Wa_748,,,,CTD,,CTD,,CTD,,,,,,,,,,,,,,,,,,,,,,,,,,,,,,,,,,,,,,,,,,,,,,,,,,,,,,,,,,,,,,,
EMOBON_VB_Wa_749,,,,CTD,,CTD,,CTD,,,,,,,,,,,,,,,,,,,,,,,,,,,,,,,,,,,,,,,,,,,,,,,,,,,,,,,,,,,,,,,
EMOBON_VB_Wa_750,,,,CTD,,CTD,,CTD,,,,,,,,,,,,,,,,,,,,,,,,,,,,,,,,,,,,,,,,,,,,,,,,,,,,,,,,,,,,,,,
EMOBON_VB_Wa_751,,,,CTD,,CTD,,CTD,,,,,,,,,,,,,,,,,,,,,,,,,,,,,,,,,,,,,,,,,,,,,,,,,,,,,,,,,,,,,,,
EMOBON_VB_Wa_752,,,,CTD,,CTD,,CTD,,,,,,,,,,,,,,,,,,,,,,,,,,,,,,,,,,,,,,,,,,,,,,,,,,,,,,,,,,,,,,,
EMOBON_VB_Wa_753,,,,CTD,,CTD,,CTD,,,,,,,,,,,,,,,,,,,,,,,,,,,,,,,,,,,,,,,,,,,,,,,,,,,,,,,,,,,,,,,
EMOBON_VB_Wa_754,,,,CTD,,CTD,,CTD,,,,,,,,,,,,,,,,,,,,,,,,,,,,,,,,,,,,,,,,,,,,,,,,,,,,,,,,,,,,,,,
EMOBON_VB_Wa_755,,,,CTD,,CTD,,CTD,,,,,,,,,,,,,,,,,,,,,,,,,,,,,,,,,,,,,,,,,,,,,,,,,,,,,,,,,,,,,,,
EMOBON_VB_Wa_756,,,,CTD,,CTD,,CTD,,,,,,,,,,,,,,,,,,,,,,,,,,,,,,,,,,,,,,,,,,,,,,,,,,,,,,,,,,,,,,,
EMOBON_VB_Wa_757,,,,CTD,,CTD,,CTD,,,,,,,,,,,,,,,,,,,,,,,,,,,,,,,,,,,,,,,,,,,,,,,,,,,,,,,,,,,,,,,
EMOBON_VB_Wa_758,,,,CTD,,CTD,,CTD,,,,,,,,,,,,,,,,,,,,,,,,,,,,,,,,,,,,,,,,,,,,,,,,,,,,,,,,,,,,,,,
EMOBON_VB_Wa_759,,,,CTD,,CTD,,CTD,,,,,,,,,,,,,,,,,,,,,,,,,,,,,,,,,,,,,,,,,,,,,,,,,,,,,,,,,,,,,,,
EMOBON_VB_Wa_760,,,,CTD,,CTD,,CTD,,,,,,,,,,,,,,,,,,,,,,,,,,,,,,,,,,,,,,,,,,,,,,,,,,,,,,,,,,,,,,,
EMOBON_VB_Wa_761,,,,CTD,,CTD,,CTD,,,,,,,,,,,,,,,,,,,,,,,,,,,,,,,,,,,,,,,,,,,,,,,,,,,,,,,,,,,,,,,
EMOBON_VB_Wa_762,,,,CTD,,CTD,,CTD,,,,,,,,,,,,,,,,,,,,,,,,,,,,,,,,,,,,,,,,,,,,,,,,,,,,,,,,,,,,,,,
EMOBON_VB_Wa_763,,,,CTD,,CTD,,CTD,,,,,,,,,,,,,,,,,,,,,,,,,,,,,,,,,,,,,,,,,,,,,,,,,,,,,,,,,,,,,,,
EMOBON_VB_Wa_764,,,,CTD,,CTD,,CTD,,,,,,,,,,,,,,,,,,,,,,,,,,,,,,,,,,,,,,,,,,,,,,,,,,,,,,,,,,,,,,,
#REF!,,,,CTD,,CTD,,CTD,,,,,,,,,,,,,,,,,,,,,,,,,,,,,,,,,,,,,,,,,,,,,,,,,,,,,,,,,,,,,,,
EMOBON_VB_Wa_766,,,,CTD,,CTD,,CTD,,,,,,,,,,,,,,,,,,,,,,,,,,,,,,,,,,,,,,,,,,,,,,,,,,,,,,,,,,,,,,,
EMOBON_VB_Wa_767,,,,CTD,,CTD,,CTD,,,,,,,,,,,,,,,,,,,,,,,,,,,,,,,,,,,,,,,,,,,,,,,,,,,,,,,,,,,,,,,
EMOBON_VB_Wa_768,,,,CTD,,CTD,,CTD,,,,,,,,,,,,,,,,,,,,,,,,,,,,,,,,,,,,,,,,,,,,,,,,,,,,,,,,,,,,,,,
EMOBON_VB_Wa_769,,,,CTD,,CTD,,CTD,,,,,,,,,,,,,,,,,,,,,,,,,,,,,,,,,,,,,,,,,,,,,,,,,,,,,,,,,,,,,,,
EMOBON_VB_Wa_770,,,,CTD,,CTD,,CTD,,,,,,,,,,,,,,,,,,,,,,,,,,,,,,,,,,,,,,,,,,,,,,,,,,,,,,,,,,,,,,,
EMOBON_VB_Wa_771,,,,CTD,,CTD,,CTD,,,,,,,,,,,,,,,,,,,,,,,,,,,,,,,,,,,,,,,,,,,,,,,,,,,,,,,,,,,,,,,
EMOBON_VB_Wa_772,,,,CTD,,CTD,,CTD,,,,,,,,,,,,,,,,,,,,,,,,,,,,,,,,,,,,,,,,,,,,,,,,,,,,,,,,,,,,,,,
EMOBON_VB_Wa_773,,,,CTD,,CTD,,CTD,,,,,,,,,,,,,,,,,,,,,,,,,,,,,,,,,,,,,,,,,,,,,,,,,,,,,,,,,,,,,,,
EMOBON_VB_Wa_774,,,,CTD,,CTD,,CTD,,,,,,,,,,,,,,,,,,,,,,,,,,,,,,,,,,,,,,,,,,,,,,,,,,,,,,,,,,,,,,,
EMOBON_VB_Wa_775,,,,CTD,,CTD,,CTD,,,,,,,,,,,,,,,,,,,,,,,,,,,,,,,,,,,,,,,,,,,,,,,,,,,,,,,,,,,,,,,
#REF!,,,,CTD,,CTD,,CTD,,,,,,,,,,,,,,,,,,,,,,,,,,,,,,,,,,,,,,,,,,,,,,,,,,,,,,,,,,,,,,,
EMOBON_VB_Wa_777,,,,CTD,,CTD,,CTD,,,,,,,,,,,,,,,,,,,,,,,,,,,,,,,,,,,,,,,,,,,,,,,,,,,,,,,,,,,,,,,
EMOBON_VB_Wa_778,,,,CTD,,CTD,,CTD,,,,,,,,,,,,,,,,,,,,,,,,,,,,,,,,,,,,,,,,,,,,,,,,,,,,,,,,,,,,,,,
EMOBON_VB_Wa_779,,,,CTD,,CTD,,CTD,,,,,,,,,,,,,,,,,,,,,,,,,,,,,,,,,,,,,,,,,,,,,,,,,,,,,,,,,,,,,,,
EMOBON_VB_Wa_780,,,,CTD,,CTD,,CTD,,,,,,,,,,,,,,,,,,,,,,,,,,,,,,,,,,,,,,,,,,,,,,,,,,,,,,,,,,,,,,,
